IP_Member,Name_Pool ,Name_Monitor,Name_Virture,Destination,Protocol,Profiles
10.8.17.34:xmltec-xmlmail,pool_bip_9091,ESB_HTTP,vs_bip_9091,10.8.17.31:xmltec-xmlmail,tcp,esbL4
10.8.17.35:xmltec-xmlmail,pool_bip_9091,ESB_HTTP,vs_bip_9091,10.8.17.31:xmltec-xmlmail,tcp,esbL4
10.8.17.44:xmltec-xmlmail,pool_bip_9091,ESB_HTTP,vs_bip_9091,10.8.17.31:xmltec-xmlmail,tcp,esbL4
10.8.17.45:xmltec-xmlmail,pool_bip_9091,ESB_HTTP,vs_bip_9091,10.8.17.31:xmltec-xmlmail,tcp,esbL4
10.8.16.5:38080,pool_esbapp_38080,ESB_HTTP,vs_esbapp_38080,10.8.16.9:38080,tcp,esbL4
10.8.16.6:38080,pool_esbapp_38080,ESB_HTTP,vs_esbapp_38080,10.8.16.9:38080,tcp,esbL4
10.8.16.7:38080,pool_esbapp_38080,ESB_HTTP,vs_esbapp_38080,10.8.16.9:38080,tcp,esbL4
10.8.16.8:38080,pool_esbapp_38080,ESB_HTTP,vs_esbapp_38080,10.8.16.9:38080,tcp,esbL4
10.8.16.15:38080,pool_esbapp_38080,ESB_HTTP,vs_esbapp_38080,10.8.16.9:38080,tcp,esbL4
10.8.16.16:38080,pool_esbapp_38080,ESB_HTTP,vs_esbapp_38080,10.8.16.9:38080,tcp,esbL4
10.8.16.25:38080,pool_esbapp_38080,ESB_HTTP,vs_esbapp_38080,10.8.16.9:38080,tcp,esbL4
10.8.16.26:38080,pool_esbapp_38080,ESB_HTTP,vs_esbapp_38080,10.8.16.9:38080,tcp,esbL4
10.8.16.5:38081,pool_esbapp_38081,esb_monitor,vs_esbapp_38081,10.8.16.9:38081,tcp,esbL4
10.8.16.6:38081,pool_esbapp_38081,esb_monitor,vs_esbapp_38081,10.8.16.9:38081,tcp,esbL4
10.8.16.7:38081,pool_esbapp_38081,esb_monitor,vs_esbapp_38081,10.8.16.9:38081,tcp,esbL4
10.8.16.8:38081,pool_esbapp_38081,esb_monitor,vs_esbapp_38081,10.8.16.9:38081,tcp,esbL4
10.8.16.15:38081,pool_esbapp_38081,esb_monitor,vs_esbapp_38081,10.8.16.9:38081,tcp,esbL4
10.8.16.16:38081,pool_esbapp_38081,esb_monitor,vs_esbapp_38081,10.8.16.9:38081,tcp,esbL4
10.8.16.25:38081,pool_esbapp_38081,esb_monitor,vs_esbapp_38081,10.8.16.9:38081,tcp,esbL4
10.8.16.26:38081,pool_esbapp_38081,esb_monitor,vs_esbapp_38081,10.8.16.9:38081,tcp,esbL4
10.8.16.5:38082,pool_esbapp_38082,ESB_HTTP_38080,vs_esbapp_38082,10.8.16.9:38082,tcp,esbL4
10.8.16.6:38082,pool_esbapp_38082,ESB_HTTP_38080,vs_esbapp_38082,10.8.16.9:38082,tcp,esbL4
10.8.16.7:38082,pool_esbapp_38082,ESB_HTTP_38080,vs_esbapp_38082,10.8.16.9:38082,tcp,esbL4
10.8.16.8:38082,pool_esbapp_38082,ESB_HTTP_38080,vs_esbapp_38082,10.8.16.9:38082,tcp,esbL4
10.8.16.15:38082,pool_esbapp_38082,ESB_HTTP_38080,vs_esbapp_38082,10.8.16.9:38082,tcp,esbL4
10.8.16.16:38082,pool_esbapp_38082,ESB_HTTP_38080,vs_esbapp_38082,10.8.16.9:38082,tcp,esbL4
10.8.16.25:38082,pool_esbapp_38082,ESB_HTTP_38080,vs_esbapp_38082,10.8.16.9:38082,tcp,esbL4
10.8.16.26:38082,pool_esbapp_38082,ESB_HTTP_38080,vs_esbapp_38082,10.8.16.9:38082,tcp,esbL4
10.8.16.5:38090,pool_esbapp_38090,ESB_HTTP,vs_esbapp_38090,10.8.16.9:38090,tcp,esbL4
10.8.16.6:38090,pool_esbapp_38090,ESB_HTTP,vs_esbapp_38090,10.8.16.9:38090,tcp,esbL4
10.8.16.7:38090,pool_esbapp_38090,ESB_HTTP,vs_esbapp_38090,10.8.16.9:38090,tcp,esbL4
10.8.16.8:38090,pool_esbapp_38090,ESB_HTTP,vs_esbapp_38090,10.8.16.9:38090,tcp,esbL4
10.8.16.15:38090,pool_esbapp_38090,ESB_HTTP,vs_esbapp_38090,10.8.16.9:38090,tcp,esbL4
10.8.16.16:38090,pool_esbapp_38090,ESB_HTTP,vs_esbapp_38090,10.8.16.9:38090,tcp,esbL4
10.8.16.25:38090,pool_esbapp_38090,ESB_HTTP,vs_esbapp_38090,10.8.16.9:38090,tcp,esbL4
10.8.16.26:38090,pool_esbapp_38090,ESB_HTTP,vs_esbapp_38090,10.8.16.9:38090,tcp,esbL4
10.8.16.5:38093,pool_esbapp_38093,ESB_HTTP,vs_esbapp_38093,10.8.16.9:38093,tcp,fastL4
10.8.16.6:38093,pool_esbapp_38093,ESB_HTTP,vs_esbapp_38093,10.8.16.9:38093,tcp,fastL4
10.8.16.7:38093,pool_esbapp_38093,ESB_HTTP,vs_esbapp_38093,10.8.16.9:38093,tcp,fastL4
10.8.16.8:38093,pool_esbapp_38093,ESB_HTTP,vs_esbapp_38093,10.8.16.9:38093,tcp,fastL4
10.8.16.15:38093,pool_esbapp_38093,ESB_HTTP,vs_esbapp_38093,10.8.16.9:38093,tcp,fastL4
10.8.16.16:38093,pool_esbapp_38093,ESB_HTTP,vs_esbapp_38093,10.8.16.9:38093,tcp,fastL4
10.8.16.25:38093,pool_esbapp_38093,ESB_HTTP,vs_esbapp_38093,10.8.16.9:38093,tcp,fastL4
10.8.16.26:38093,pool_esbapp_38093,ESB_HTTP,vs_esbapp_38093,10.8.16.9:38093,tcp,fastL4
10.8.16.5:39001,pool_esbapp_39001,esb_monitor,vs_esbapp_39001,10.8.16.9:39001,tcp,esbL4
10.8.16.6:39001,pool_esbapp_39001,esb_monitor,vs_esbapp_39001,10.8.16.9:39001,tcp,esbL4
10.8.16.7:39001,pool_esbapp_39001,esb_monitor,vs_esbapp_39001,10.8.16.9:39001,tcp,esbL4
10.8.16.8:39001,pool_esbapp_39001,esb_monitor,vs_esbapp_39001,10.8.16.9:39001,tcp,esbL4
10.8.16.15:39001,pool_esbapp_39001,esb_monitor,vs_esbapp_39001,10.8.16.9:39001,tcp,esbL4
10.8.16.16:39001,pool_esbapp_39001,esb_monitor,vs_esbapp_39001,10.8.16.9:39001,tcp,esbL4
10.8.16.25:39001,pool_esbapp_39001,esb_monitor,vs_esbapp_39001,10.8.16.9:39001,tcp,esbL4
10.8.16.26:39001,pool_esbapp_39001,esb_monitor,vs_esbapp_39001,10.8.16.9:39001,tcp,esbL4
10.8.16.5:39002,pool_esbapp_39002,esb_monitor,vs_esbapp_39002,10.8.16.9:39002,tcp,esbL4
10.8.16.6:39002,pool_esbapp_39002,esb_monitor,vs_esbapp_39002,10.8.16.9:39002,tcp,esbL4
10.8.16.7:39002,pool_esbapp_39002,esb_monitor,vs_esbapp_39002,10.8.16.9:39002,tcp,esbL4
10.8.16.8:39002,pool_esbapp_39002,esb_monitor,vs_esbapp_39002,10.8.16.9:39002,tcp,esbL4
10.8.16.15:39002,pool_esbapp_39002,esb_monitor,vs_esbapp_39002,10.8.16.9:39002,tcp,esbL4
10.8.16.16:39002,pool_esbapp_39002,esb_monitor,vs_esbapp_39002,10.8.16.9:39002,tcp,esbL4
10.8.16.25:39002,pool_esbapp_39002,esb_monitor,vs_esbapp_39002,10.8.16.9:39002,tcp,esbL4
10.8.16.26:39002,pool_esbapp_39002,esb_monitor,vs_esbapp_39002,10.8.16.9:39002,tcp,esbL4
10.8.16.5:39003,pool_esbapp_39003,esb_monitor,vs_esbapp_39003,10.8.16.9:39003,tcp,esbL4
10.8.16.6:39003,pool_esbapp_39003,esb_monitor,vs_esbapp_39003,10.8.16.9:39003,tcp,esbL4
10.8.16.7:39003,pool_esbapp_39003,esb_monitor,vs_esbapp_39003,10.8.16.9:39003,tcp,esbL4
10.8.16.8:39003,pool_esbapp_39003,esb_monitor,vs_esbapp_39003,10.8.16.9:39003,tcp,esbL4
10.8.16.15:39003,pool_esbapp_39003,esb_monitor,vs_esbapp_39003,10.8.16.9:39003,tcp,esbL4
10.8.16.16:39003,pool_esbapp_39003,esb_monitor,vs_esbapp_39003,10.8.16.9:39003,tcp,esbL4
10.8.16.25:39003,pool_esbapp_39003,esb_monitor,vs_esbapp_39003,10.8.16.9:39003,tcp,esbL4
10.8.16.26:39003,pool_esbapp_39003,esb_monitor,vs_esbapp_39003,10.8.16.9:39003,tcp,esbL4
10.8.16.5:39004,pool_esbapp_39004,esb_monitor,vs_esbapp_39004,10.8.16.9:39004,tcp,esbL4
10.8.16.6:39004,pool_esbapp_39004,esb_monitor,vs_esbapp_39004,10.8.16.9:39004,tcp,esbL4
10.8.16.7:39004,pool_esbapp_39004,esb_monitor,vs_esbapp_39004,10.8.16.9:39004,tcp,esbL4
10.8.16.8:39004,pool_esbapp_39004,esb_monitor,vs_esbapp_39004,10.8.16.9:39004,tcp,esbL4
10.8.16.15:39004,pool_esbapp_39004,esb_monitor,vs_esbapp_39004,10.8.16.9:39004,tcp,esbL4
10.8.16.16:39004,pool_esbapp_39004,esb_monitor,vs_esbapp_39004,10.8.16.9:39004,tcp,esbL4
10.8.16.25:39004,pool_esbapp_39004,esb_monitor,vs_esbapp_39004,10.8.16.9:39004,tcp,esbL4
10.8.16.26:39004,pool_esbapp_39004,esb_monitor,vs_esbapp_39004,10.8.16.9:39004,tcp,esbL4
10.8.16.5:39005,pool_esbapp_39005,esb_monitor,vs_esbapp_39005,10.8.16.9:39005,tcp,esbL4
10.8.16.6:39005,pool_esbapp_39005,esb_monitor,vs_esbapp_39005,10.8.16.9:39005,tcp,esbL4
10.8.16.7:39005,pool_esbapp_39005,esb_monitor,vs_esbapp_39005,10.8.16.9:39005,tcp,esbL4
10.8.16.8:39005,pool_esbapp_39005,esb_monitor,vs_esbapp_39005,10.8.16.9:39005,tcp,esbL4
10.8.16.15:39005,pool_esbapp_39005,esb_monitor,vs_esbapp_39005,10.8.16.9:39005,tcp,esbL4
10.8.16.16:39005,pool_esbapp_39005,esb_monitor,vs_esbapp_39005,10.8.16.9:39005,tcp,esbL4
10.8.16.25:39005,pool_esbapp_39005,esb_monitor,vs_esbapp_39005,10.8.16.9:39005,tcp,esbL4
10.8.16.26:39005,pool_esbapp_39005,esb_monitor,vs_esbapp_39005,10.8.16.9:39005,tcp,esbL4
10.8.16.5:39006,pool_esbapp_39006,esb_monitor,vs_esbapp_39006,10.8.16.9:39006,tcp,esbL4
10.8.16.6:39006,pool_esbapp_39006,esb_monitor,vs_esbapp_39006,10.8.16.9:39006,tcp,esbL4
10.8.16.7:39006,pool_esbapp_39006,esb_monitor,vs_esbapp_39006,10.8.16.9:39006,tcp,esbL4
10.8.16.8:39006,pool_esbapp_39006,esb_monitor,vs_esbapp_39006,10.8.16.9:39006,tcp,esbL4
10.8.16.15:39006,pool_esbapp_39006,esb_monitor,vs_esbapp_39006,10.8.16.9:39006,tcp,esbL4
10.8.16.16:39006,pool_esbapp_39006,esb_monitor,vs_esbapp_39006,10.8.16.9:39006,tcp,esbL4
10.8.16.25:39006,pool_esbapp_39006,esb_monitor,vs_esbapp_39006,10.8.16.9:39006,tcp,esbL4
10.8.16.26:39006,pool_esbapp_39006,esb_monitor,vs_esbapp_39006,10.8.16.9:39006,tcp,esbL4
10.8.16.5:39007,pool_esbapp_39007,esb_monitor,vs_esbapp_39007,10.8.16.9:39007,tcp,esbL4
10.8.16.6:39007,pool_esbapp_39007,esb_monitor,vs_esbapp_39007,10.8.16.9:39007,tcp,esbL4
10.8.16.7:39007,pool_esbapp_39007,esb_monitor,vs_esbapp_39007,10.8.16.9:39007,tcp,esbL4
10.8.16.8:39007,pool_esbapp_39007,esb_monitor,vs_esbapp_39007,10.8.16.9:39007,tcp,esbL4
10.8.16.15:39007,pool_esbapp_39007,esb_monitor,vs_esbapp_39007,10.8.16.9:39007,tcp,esbL4
10.8.16.16:39007,pool_esbapp_39007,esb_monitor,vs_esbapp_39007,10.8.16.9:39007,tcp,esbL4
10.8.16.25:39007,pool_esbapp_39007,esb_monitor,vs_esbapp_39007,10.8.16.9:39007,tcp,esbL4
10.8.16.26:39007,pool_esbapp_39007,esb_monitor,vs_esbapp_39007,10.8.16.9:39007,tcp,esbL4
10.8.16.5:39008,pool_esbapp_39008,esb_monitor,vs_esbapp_39008,10.8.16.9:39008,tcp,esbL4
10.8.16.6:39008,pool_esbapp_39008,esb_monitor,vs_esbapp_39008,10.8.16.9:39008,tcp,esbL4
10.8.16.7:39008,pool_esbapp_39008,esb_monitor,vs_esbapp_39008,10.8.16.9:39008,tcp,esbL4
10.8.16.8:39008,pool_esbapp_39008,esb_monitor,vs_esbapp_39008,10.8.16.9:39008,tcp,esbL4
10.8.16.15:39008,pool_esbapp_39008,esb_monitor,vs_esbapp_39008,10.8.16.9:39008,tcp,esbL4
10.8.16.16:39008,pool_esbapp_39008,esb_monitor,vs_esbapp_39008,10.8.16.9:39008,tcp,esbL4
10.8.16.25:39008,pool_esbapp_39008,esb_monitor,vs_esbapp_39008,10.8.16.9:39008,tcp,esbL4
10.8.16.26:39008,pool_esbapp_39008,esb_monitor,vs_esbapp_39008,10.8.16.9:39008,tcp,esbL4
10.8.16.5:39009,pool_esbapp_39009,esb_monitor,vs_esbapp_39009,10.8.16.9:39009,tcp,esbL4
10.8.16.6:39009,pool_esbapp_39009,esb_monitor,vs_esbapp_39009,10.8.16.9:39009,tcp,esbL4
10.8.16.7:39009,pool_esbapp_39009,esb_monitor,vs_esbapp_39009,10.8.16.9:39009,tcp,esbL4
10.8.16.8:39009,pool_esbapp_39009,esb_monitor,vs_esbapp_39009,10.8.16.9:39009,tcp,esbL4
10.8.16.15:39009,pool_esbapp_39009,esb_monitor,vs_esbapp_39009,10.8.16.9:39009,tcp,esbL4
10.8.16.16:39009,pool_esbapp_39009,esb_monitor,vs_esbapp_39009,10.8.16.9:39009,tcp,esbL4
10.8.16.25:39009,pool_esbapp_39009,esb_monitor,vs_esbapp_39009,10.8.16.9:39009,tcp,esbL4
10.8.16.26:39009,pool_esbapp_39009,esb_monitor,vs_esbapp_39009,10.8.16.9:39009,tcp,esbL4
10.8.16.5:39010,pool_esbapp_39010,esb_monitor,vs_esbapp_39010,10.8.16.9:39010,tcp,esbL4
10.8.16.6:39010,pool_esbapp_39010,esb_monitor,vs_esbapp_39010,10.8.16.9:39010,tcp,esbL4
10.8.16.7:39010,pool_esbapp_39010,esb_monitor,vs_esbapp_39010,10.8.16.9:39010,tcp,esbL4
10.8.16.8:39010,pool_esbapp_39010,esb_monitor,vs_esbapp_39010,10.8.16.9:39010,tcp,esbL4
10.8.16.15:39010,pool_esbapp_39010,esb_monitor,vs_esbapp_39010,10.8.16.9:39010,tcp,esbL4
10.8.16.16:39010,pool_esbapp_39010,esb_monitor,vs_esbapp_39010,10.8.16.9:39010,tcp,esbL4
10.8.16.25:39010,pool_esbapp_39010,esb_monitor,vs_esbapp_39010,10.8.16.9:39010,tcp,esbL4
10.8.16.26:39010,pool_esbapp_39010,esb_monitor,vs_esbapp_39010,10.8.16.9:39010,tcp,esbL4
10.8.16.5:39011,pool_esbapp_39011,esb_monitor,vs_esbapp_39011,10.8.16.9:39011,tcp,esbL4
10.8.16.6:39011,pool_esbapp_39011,esb_monitor,vs_esbapp_39011,10.8.16.9:39011,tcp,esbL4
10.8.16.7:39011,pool_esbapp_39011,esb_monitor,vs_esbapp_39011,10.8.16.9:39011,tcp,esbL4
10.8.16.8:39011,pool_esbapp_39011,esb_monitor,vs_esbapp_39011,10.8.16.9:39011,tcp,esbL4
10.8.16.15:39011,pool_esbapp_39011,esb_monitor,vs_esbapp_39011,10.8.16.9:39011,tcp,esbL4
10.8.16.16:39011,pool_esbapp_39011,esb_monitor,vs_esbapp_39011,10.8.16.9:39011,tcp,esbL4
10.8.16.25:39011,pool_esbapp_39011,esb_monitor,vs_esbapp_39011,10.8.16.9:39011,tcp,esbL4
10.8.16.26:39011,pool_esbapp_39011,esb_monitor,vs_esbapp_39011,10.8.16.9:39011,tcp,esbL4
10.8.16.5:39012,pool_esbapp_39012,esb_monitor,vs_esbapp_39012,10.8.16.9:39012,tcp,esbL4
10.8.16.6:39012,pool_esbapp_39012,esb_monitor,vs_esbapp_39012,10.8.16.9:39012,tcp,esbL4
10.8.16.7:39012,pool_esbapp_39012,esb_monitor,vs_esbapp_39012,10.8.16.9:39012,tcp,esbL4
10.8.16.8:39012,pool_esbapp_39012,esb_monitor,vs_esbapp_39012,10.8.16.9:39012,tcp,esbL4
10.8.16.15:39012,pool_esbapp_39012,esb_monitor,vs_esbapp_39012,10.8.16.9:39012,tcp,esbL4
10.8.16.16:39012,pool_esbapp_39012,esb_monitor,vs_esbapp_39012,10.8.16.9:39012,tcp,esbL4
10.8.16.25:39012,pool_esbapp_39012,esb_monitor,vs_esbapp_39012,10.8.16.9:39012,tcp,esbL4
10.8.16.26:39012,pool_esbapp_39012,esb_monitor,vs_esbapp_39012,10.8.16.9:39012,tcp,esbL4
10.8.16.5:39013,pool_esbapp_39013,esb_monitor,vs_esbapp_39013,10.8.16.9:39013,tcp,esbL4
10.8.16.6:39013,pool_esbapp_39013,esb_monitor,vs_esbapp_39013,10.8.16.9:39013,tcp,esbL4
10.8.16.7:39013,pool_esbapp_39013,esb_monitor,vs_esbapp_39013,10.8.16.9:39013,tcp,esbL4
10.8.16.8:39013,pool_esbapp_39013,esb_monitor,vs_esbapp_39013,10.8.16.9:39013,tcp,esbL4
10.8.16.15:39013,pool_esbapp_39013,esb_monitor,vs_esbapp_39013,10.8.16.9:39013,tcp,esbL4
10.8.16.16:39013,pool_esbapp_39013,esb_monitor,vs_esbapp_39013,10.8.16.9:39013,tcp,esbL4
10.8.16.25:39013,pool_esbapp_39013,esb_monitor,vs_esbapp_39013,10.8.16.9:39013,tcp,esbL4
10.8.16.26:39013,pool_esbapp_39013,esb_monitor,vs_esbapp_39013,10.8.16.9:39013,tcp,esbL4
10.8.16.5:39014,pool_esbapp_39014,esb_monitor,vs_esbapp_39014,10.8.16.9:39014,tcp,esbL4
10.8.16.6:39014,pool_esbapp_39014,esb_monitor,vs_esbapp_39014,10.8.16.9:39014,tcp,esbL4
10.8.16.7:39014,pool_esbapp_39014,esb_monitor,vs_esbapp_39014,10.8.16.9:39014,tcp,esbL4
10.8.16.8:39014,pool_esbapp_39014,esb_monitor,vs_esbapp_39014,10.8.16.9:39014,tcp,esbL4
10.8.16.15:39014,pool_esbapp_39014,esb_monitor,vs_esbapp_39014,10.8.16.9:39014,tcp,esbL4
10.8.16.16:39014,pool_esbapp_39014,esb_monitor,vs_esbapp_39014,10.8.16.9:39014,tcp,esbL4
10.8.16.25:39014,pool_esbapp_39014,esb_monitor,vs_esbapp_39014,10.8.16.9:39014,tcp,esbL4
10.8.16.26:39014,pool_esbapp_39014,esb_monitor,vs_esbapp_39014,10.8.16.9:39014,tcp,esbL4
10.8.16.5:39015,pool_esbapp_39015,esb_monitor,vs_esbapp_39015,10.8.16.9:39015,tcp,esbL4
10.8.16.6:39015,pool_esbapp_39015,esb_monitor,vs_esbapp_39015,10.8.16.9:39015,tcp,esbL4
10.8.16.7:39015,pool_esbapp_39015,esb_monitor,vs_esbapp_39015,10.8.16.9:39015,tcp,esbL4
10.8.16.8:39015,pool_esbapp_39015,esb_monitor,vs_esbapp_39015,10.8.16.9:39015,tcp,esbL4
10.8.16.15:39015,pool_esbapp_39015,esb_monitor,vs_esbapp_39015,10.8.16.9:39015,tcp,esbL4
10.8.16.16:39015,pool_esbapp_39015,esb_monitor,vs_esbapp_39015,10.8.16.9:39015,tcp,esbL4
10.8.16.25:39015,pool_esbapp_39015,esb_monitor,vs_esbapp_39015,10.8.16.9:39015,tcp,esbL4
10.8.16.26:39015,pool_esbapp_39015,esb_monitor,vs_esbapp_39015,10.8.16.9:39015,tcp,esbL4
10.8.16.5:39016,pool_esbapp_39016,esb_monitor,vs_esbapp_39016,10.8.16.9:39016,tcp,esbL4
10.8.16.6:39016,pool_esbapp_39016,esb_monitor,vs_esbapp_39016,10.8.16.9:39016,tcp,esbL4
10.8.16.7:39016,pool_esbapp_39016,esb_monitor,vs_esbapp_39016,10.8.16.9:39016,tcp,esbL4
10.8.16.8:39016,pool_esbapp_39016,esb_monitor,vs_esbapp_39016,10.8.16.9:39016,tcp,esbL4
10.8.16.15:39016,pool_esbapp_39016,esb_monitor,vs_esbapp_39016,10.8.16.9:39016,tcp,esbL4
10.8.16.16:39016,pool_esbapp_39016,esb_monitor,vs_esbapp_39016,10.8.16.9:39016,tcp,esbL4
10.8.16.25:39016,pool_esbapp_39016,esb_monitor,vs_esbapp_39016,10.8.16.9:39016,tcp,esbL4
10.8.16.26:39016,pool_esbapp_39016,esb_monitor,vs_esbapp_39016,10.8.16.9:39016,tcp,esbL4
10.8.16.5:39017,pool_esbapp_39017,esb_monitor,vs_esbapp_39017,10.8.16.9:39017,tcp,esbL4
10.8.16.6:39017,pool_esbapp_39017,esb_monitor,vs_esbapp_39017,10.8.16.9:39017,tcp,esbL4
10.8.16.7:39017,pool_esbapp_39017,esb_monitor,vs_esbapp_39017,10.8.16.9:39017,tcp,esbL4
10.8.16.8:39017,pool_esbapp_39017,esb_monitor,vs_esbapp_39017,10.8.16.9:39017,tcp,esbL4
10.8.16.15:39017,pool_esbapp_39017,esb_monitor,vs_esbapp_39017,10.8.16.9:39017,tcp,esbL4
10.8.16.16:39017,pool_esbapp_39017,esb_monitor,vs_esbapp_39017,10.8.16.9:39017,tcp,esbL4
10.8.16.25:39017,pool_esbapp_39017,esb_monitor,vs_esbapp_39017,10.8.16.9:39017,tcp,esbL4
10.8.16.26:39017,pool_esbapp_39017,esb_monitor,vs_esbapp_39017,10.8.16.9:39017,tcp,esbL4
10.8.16.5:39018,pool_esbapp_39018,esb_monitor,vs_esbapp_39018,10.8.16.9:39018,tcp,esbL4
10.8.16.6:39018,pool_esbapp_39018,esb_monitor,vs_esbapp_39018,10.8.16.9:39018,tcp,esbL4
10.8.16.7:39018,pool_esbapp_39018,esb_monitor,vs_esbapp_39018,10.8.16.9:39018,tcp,esbL4
10.8.16.8:39018,pool_esbapp_39018,esb_monitor,vs_esbapp_39018,10.8.16.9:39018,tcp,esbL4
10.8.16.15:39018,pool_esbapp_39018,esb_monitor,vs_esbapp_39018,10.8.16.9:39018,tcp,esbL4
10.8.16.16:39018,pool_esbapp_39018,esb_monitor,vs_esbapp_39018,10.8.16.9:39018,tcp,esbL4
10.8.16.25:39018,pool_esbapp_39018,esb_monitor,vs_esbapp_39018,10.8.16.9:39018,tcp,esbL4
10.8.16.26:39018,pool_esbapp_39018,esb_monitor,vs_esbapp_39018,10.8.16.9:39018,tcp,esbL4
10.8.16.5:39019,pool_esbapp_39019,esb_monitor,vs_esbapp_39019,10.8.16.9:39019,tcp,esbL4
10.8.16.6:39019,pool_esbapp_39019,esb_monitor,vs_esbapp_39019,10.8.16.9:39019,tcp,esbL4
10.8.16.7:39019,pool_esbapp_39019,esb_monitor,vs_esbapp_39019,10.8.16.9:39019,tcp,esbL4
10.8.16.8:39019,pool_esbapp_39019,esb_monitor,vs_esbapp_39019,10.8.16.9:39019,tcp,esbL4
10.8.16.15:39019,pool_esbapp_39019,esb_monitor,vs_esbapp_39019,10.8.16.9:39019,tcp,esbL4
10.8.16.16:39019,pool_esbapp_39019,esb_monitor,vs_esbapp_39019,10.8.16.9:39019,tcp,esbL4
10.8.16.25:39019,pool_esbapp_39019,esb_monitor,vs_esbapp_39019,10.8.16.9:39019,tcp,esbL4
10.8.16.26:39019,pool_esbapp_39019,esb_monitor,vs_esbapp_39019,10.8.16.9:39019,tcp,esbL4
10.8.16.5:39020,pool_esbapp_39020,esb_monitor,vs_esbapp_39020,10.8.16.9:39020,tcp,esbL4
10.8.16.6:39020,pool_esbapp_39020,esb_monitor,vs_esbapp_39020,10.8.16.9:39020,tcp,esbL4
10.8.16.7:39020,pool_esbapp_39020,esb_monitor,vs_esbapp_39020,10.8.16.9:39020,tcp,esbL4
10.8.16.8:39020,pool_esbapp_39020,esb_monitor,vs_esbapp_39020,10.8.16.9:39020,tcp,esbL4
10.8.16.15:39020,pool_esbapp_39020,esb_monitor,vs_esbapp_39020,10.8.16.9:39020,tcp,esbL4
10.8.16.16:39020,pool_esbapp_39020,esb_monitor,vs_esbapp_39020,10.8.16.9:39020,tcp,esbL4
10.8.16.25:39020,pool_esbapp_39020,esb_monitor,vs_esbapp_39020,10.8.16.9:39020,tcp,esbL4
10.8.16.26:39020,pool_esbapp_39020,esb_monitor,vs_esbapp_39020,10.8.16.9:39020,tcp,esbL4
10.8.16.5:39021,pool_esbapp_39021,esb_monitor,vs_esbapp_39021,10.8.16.9:39021,tcp,esbL4
10.8.16.6:39021,pool_esbapp_39021,esb_monitor,vs_esbapp_39021,10.8.16.9:39021,tcp,esbL4
10.8.16.7:39021,pool_esbapp_39021,esb_monitor,vs_esbapp_39021,10.8.16.9:39021,tcp,esbL4
10.8.16.8:39021,pool_esbapp_39021,esb_monitor,vs_esbapp_39021,10.8.16.9:39021,tcp,esbL4
10.8.16.15:39021,pool_esbapp_39021,esb_monitor,vs_esbapp_39021,10.8.16.9:39021,tcp,esbL4
10.8.16.16:39021,pool_esbapp_39021,esb_monitor,vs_esbapp_39021,10.8.16.9:39021,tcp,esbL4
10.8.16.25:39021,pool_esbapp_39021,esb_monitor,vs_esbapp_39021,10.8.16.9:39021,tcp,esbL4
10.8.16.26:39021,pool_esbapp_39021,esb_monitor,vs_esbapp_39021,10.8.16.9:39021,tcp,esbL4
10.8.16.5:39022,pool_esbapp_39022,esb_monitor,vs_esbapp_39022,10.8.16.9:39022,tcp,esbL4
10.8.16.6:39022,pool_esbapp_39022,esb_monitor,vs_esbapp_39022,10.8.16.9:39022,tcp,esbL4
10.8.16.7:39022,pool_esbapp_39022,esb_monitor,vs_esbapp_39022,10.8.16.9:39022,tcp,esbL4
10.8.16.8:39022,pool_esbapp_39022,esb_monitor,vs_esbapp_39022,10.8.16.9:39022,tcp,esbL4
10.8.16.15:39022,pool_esbapp_39022,esb_monitor,vs_esbapp_39022,10.8.16.9:39022,tcp,esbL4
10.8.16.16:39022,pool_esbapp_39022,esb_monitor,vs_esbapp_39022,10.8.16.9:39022,tcp,esbL4
10.8.16.25:39022,pool_esbapp_39022,esb_monitor,vs_esbapp_39022,10.8.16.9:39022,tcp,esbL4
10.8.16.26:39022,pool_esbapp_39022,esb_monitor,vs_esbapp_39022,10.8.16.9:39022,tcp,esbL4
10.8.16.5:39023,pool_esbapp_39023,esb_monitor,vs_esbapp_39023,10.8.16.9:39023,tcp,esbL4
10.8.16.6:39023,pool_esbapp_39023,esb_monitor,vs_esbapp_39023,10.8.16.9:39023,tcp,esbL4
10.8.16.7:39023,pool_esbapp_39023,esb_monitor,vs_esbapp_39023,10.8.16.9:39023,tcp,esbL4
10.8.16.8:39023,pool_esbapp_39023,esb_monitor,vs_esbapp_39023,10.8.16.9:39023,tcp,esbL4
10.8.16.15:39023,pool_esbapp_39023,esb_monitor,vs_esbapp_39023,10.8.16.9:39023,tcp,esbL4
10.8.16.16:39023,pool_esbapp_39023,esb_monitor,vs_esbapp_39023,10.8.16.9:39023,tcp,esbL4
10.8.16.25:39023,pool_esbapp_39023,esb_monitor,vs_esbapp_39023,10.8.16.9:39023,tcp,esbL4
10.8.16.26:39023,pool_esbapp_39023,esb_monitor,vs_esbapp_39023,10.8.16.9:39023,tcp,esbL4
10.8.16.5:39024,pool_esbapp_39024,esb_monitor,vs_esbapp_39024,10.8.16.9:39024,tcp,esbL4
10.8.16.6:39024,pool_esbapp_39024,esb_monitor,vs_esbapp_39024,10.8.16.9:39024,tcp,esbL4
10.8.16.7:39024,pool_esbapp_39024,esb_monitor,vs_esbapp_39024,10.8.16.9:39024,tcp,esbL4
10.8.16.8:39024,pool_esbapp_39024,esb_monitor,vs_esbapp_39024,10.8.16.9:39024,tcp,esbL4
10.8.16.15:39024,pool_esbapp_39024,esb_monitor,vs_esbapp_39024,10.8.16.9:39024,tcp,esbL4
10.8.16.16:39024,pool_esbapp_39024,esb_monitor,vs_esbapp_39024,10.8.16.9:39024,tcp,esbL4
10.8.16.25:39024,pool_esbapp_39024,esb_monitor,vs_esbapp_39024,10.8.16.9:39024,tcp,esbL4
10.8.16.26:39024,pool_esbapp_39024,esb_monitor,vs_esbapp_39024,10.8.16.9:39024,tcp,esbL4
10.8.16.5:39025,pool_esbapp_39025,esb_monitor,vs_esbapp_39025,10.8.16.9:39025,tcp,esbL4
10.8.16.6:39025,pool_esbapp_39025,esb_monitor,vs_esbapp_39025,10.8.16.9:39025,tcp,esbL4
10.8.16.7:39025,pool_esbapp_39025,esb_monitor,vs_esbapp_39025,10.8.16.9:39025,tcp,esbL4
10.8.16.8:39025,pool_esbapp_39025,esb_monitor,vs_esbapp_39025,10.8.16.9:39025,tcp,esbL4
10.8.16.15:39025,pool_esbapp_39025,esb_monitor,vs_esbapp_39025,10.8.16.9:39025,tcp,esbL4
10.8.16.16:39025,pool_esbapp_39025,esb_monitor,vs_esbapp_39025,10.8.16.9:39025,tcp,esbL4
10.8.16.25:39025,pool_esbapp_39025,esb_monitor,vs_esbapp_39025,10.8.16.9:39025,tcp,esbL4
10.8.16.26:39025,pool_esbapp_39025,esb_monitor,vs_esbapp_39025,10.8.16.9:39025,tcp,esbL4
10.8.16.5:39026,pool_esbapp_39026,esb_monitor,vs_esbapp_39026,10.8.16.9:39026,tcp,esbL4
10.8.16.6:39026,pool_esbapp_39026,esb_monitor,vs_esbapp_39026,10.8.16.9:39026,tcp,esbL4
10.8.16.7:39026,pool_esbapp_39026,esb_monitor,vs_esbapp_39026,10.8.16.9:39026,tcp,esbL4
10.8.16.8:39026,pool_esbapp_39026,esb_monitor,vs_esbapp_39026,10.8.16.9:39026,tcp,esbL4
10.8.16.15:39026,pool_esbapp_39026,esb_monitor,vs_esbapp_39026,10.8.16.9:39026,tcp,esbL4
10.8.16.16:39026,pool_esbapp_39026,esb_monitor,vs_esbapp_39026,10.8.16.9:39026,tcp,esbL4
10.8.16.25:39026,pool_esbapp_39026,esb_monitor,vs_esbapp_39026,10.8.16.9:39026,tcp,esbL4
10.8.16.26:39026,pool_esbapp_39026,esb_monitor,vs_esbapp_39026,10.8.16.9:39026,tcp,esbL4
10.8.16.5:39027,pool_esbapp_39027,esb_monitor,vs_esbapp_39027,10.8.16.9:39027,tcp,esbL4
10.8.16.6:39027,pool_esbapp_39027,esb_monitor,vs_esbapp_39027,10.8.16.9:39027,tcp,esbL4
10.8.16.7:39027,pool_esbapp_39027,esb_monitor,vs_esbapp_39027,10.8.16.9:39027,tcp,esbL4
10.8.16.8:39027,pool_esbapp_39027,esb_monitor,vs_esbapp_39027,10.8.16.9:39027,tcp,esbL4
10.8.16.15:39027,pool_esbapp_39027,esb_monitor,vs_esbapp_39027,10.8.16.9:39027,tcp,esbL4
10.8.16.16:39027,pool_esbapp_39027,esb_monitor,vs_esbapp_39027,10.8.16.9:39027,tcp,esbL4
10.8.16.25:39027,pool_esbapp_39027,esb_monitor,vs_esbapp_39027,10.8.16.9:39027,tcp,esbL4
10.8.16.26:39027,pool_esbapp_39027,esb_monitor,vs_esbapp_39027,10.8.16.9:39027,tcp,esbL4
10.8.16.5:39028,pool_esbapp_39028,esb_monitor,vs_esbapp_39028,10.8.16.9:39028,tcp,esbL4
10.8.16.6:39028,pool_esbapp_39028,esb_monitor,vs_esbapp_39028,10.8.16.9:39028,tcp,esbL4
10.8.16.7:39028,pool_esbapp_39028,esb_monitor,vs_esbapp_39028,10.8.16.9:39028,tcp,esbL4
10.8.16.8:39028,pool_esbapp_39028,esb_monitor,vs_esbapp_39028,10.8.16.9:39028,tcp,esbL4
10.8.16.15:39028,pool_esbapp_39028,esb_monitor,vs_esbapp_39028,10.8.16.9:39028,tcp,esbL4
10.8.16.16:39028,pool_esbapp_39028,esb_monitor,vs_esbapp_39028,10.8.16.9:39028,tcp,esbL4
10.8.16.25:39028,pool_esbapp_39028,esb_monitor,vs_esbapp_39028,10.8.16.9:39028,tcp,esbL4
10.8.16.26:39028,pool_esbapp_39028,esb_monitor,vs_esbapp_39028,10.8.16.9:39028,tcp,esbL4
10.8.16.5:39029,pool_esbapp_39029,esb_monitor,vs_esbapp_39029,10.8.16.9:39029,tcp,esbL4
10.8.16.6:39029,pool_esbapp_39029,esb_monitor,vs_esbapp_39029,10.8.16.9:39029,tcp,esbL4
10.8.16.7:39029,pool_esbapp_39029,esb_monitor,vs_esbapp_39029,10.8.16.9:39029,tcp,esbL4
10.8.16.8:39029,pool_esbapp_39029,esb_monitor,vs_esbapp_39029,10.8.16.9:39029,tcp,esbL4
10.8.16.15:39029,pool_esbapp_39029,esb_monitor,vs_esbapp_39029,10.8.16.9:39029,tcp,esbL4
10.8.16.16:39029,pool_esbapp_39029,esb_monitor,vs_esbapp_39029,10.8.16.9:39029,tcp,esbL4
10.8.16.25:39029,pool_esbapp_39029,esb_monitor,vs_esbapp_39029,10.8.16.9:39029,tcp,esbL4
10.8.16.26:39029,pool_esbapp_39029,esb_monitor,vs_esbapp_39029,10.8.16.9:39029,tcp,esbL4
10.8.16.5:39030,pool_esbapp_39030,esb_monitor,vs_esbapp_39030,10.8.16.9:39030,tcp,esbL4
10.8.16.6:39030,pool_esbapp_39030,esb_monitor,vs_esbapp_39030,10.8.16.9:39030,tcp,esbL4
10.8.16.7:39030,pool_esbapp_39030,esb_monitor,vs_esbapp_39030,10.8.16.9:39030,tcp,esbL4
10.8.16.8:39030,pool_esbapp_39030,esb_monitor,vs_esbapp_39030,10.8.16.9:39030,tcp,esbL4
10.8.16.15:39030,pool_esbapp_39030,esb_monitor,vs_esbapp_39030,10.8.16.9:39030,tcp,esbL4
10.8.16.16:39030,pool_esbapp_39030,esb_monitor,vs_esbapp_39030,10.8.16.9:39030,tcp,esbL4
10.8.16.25:39030,pool_esbapp_39030,esb_monitor,vs_esbapp_39030,10.8.16.9:39030,tcp,esbL4
10.8.16.26:39030,pool_esbapp_39030,esb_monitor,vs_esbapp_39030,10.8.16.9:39030,tcp,esbL4
10.8.16.5:39031,pool_esbapp_39031,esb_monitor,vs_esbapp_39031,10.8.16.9:39031,tcp,esbL4
10.8.16.6:39031,pool_esbapp_39031,esb_monitor,vs_esbapp_39031,10.8.16.9:39031,tcp,esbL4
10.8.16.7:39031,pool_esbapp_39031,esb_monitor,vs_esbapp_39031,10.8.16.9:39031,tcp,esbL4
10.8.16.8:39031,pool_esbapp_39031,esb_monitor,vs_esbapp_39031,10.8.16.9:39031,tcp,esbL4
10.8.16.15:39031,pool_esbapp_39031,esb_monitor,vs_esbapp_39031,10.8.16.9:39031,tcp,esbL4
10.8.16.16:39031,pool_esbapp_39031,esb_monitor,vs_esbapp_39031,10.8.16.9:39031,tcp,esbL4
10.8.16.25:39031,pool_esbapp_39031,esb_monitor,vs_esbapp_39031,10.8.16.9:39031,tcp,esbL4
10.8.16.26:39031,pool_esbapp_39031,esb_monitor,vs_esbapp_39031,10.8.16.9:39031,tcp,esbL4
10.8.16.5:39032,pool_esbapp_39032,esb_monitor,vs_esbapp_39032,10.8.16.9:39032,tcp,esbL4
10.8.16.6:39032,pool_esbapp_39032,esb_monitor,vs_esbapp_39032,10.8.16.9:39032,tcp,esbL4
10.8.16.7:39032,pool_esbapp_39032,esb_monitor,vs_esbapp_39032,10.8.16.9:39032,tcp,esbL4
10.8.16.8:39032,pool_esbapp_39032,esb_monitor,vs_esbapp_39032,10.8.16.9:39032,tcp,esbL4
10.8.16.15:39032,pool_esbapp_39032,esb_monitor,vs_esbapp_39032,10.8.16.9:39032,tcp,esbL4
10.8.16.16:39032,pool_esbapp_39032,esb_monitor,vs_esbapp_39032,10.8.16.9:39032,tcp,esbL4
10.8.16.25:39032,pool_esbapp_39032,esb_monitor,vs_esbapp_39032,10.8.16.9:39032,tcp,esbL4
10.8.16.26:39032,pool_esbapp_39032,esb_monitor,vs_esbapp_39032,10.8.16.9:39032,tcp,esbL4
10.8.16.5:39033,pool_esbapp_39033,esb_monitor,vs_esbapp_39033,10.8.16.9:39033,tcp,esbL4
10.8.16.6:39033,pool_esbapp_39033,esb_monitor,vs_esbapp_39033,10.8.16.9:39033,tcp,esbL4
10.8.16.7:39033,pool_esbapp_39033,esb_monitor,vs_esbapp_39033,10.8.16.9:39033,tcp,esbL4
10.8.16.8:39033,pool_esbapp_39033,esb_monitor,vs_esbapp_39033,10.8.16.9:39033,tcp,esbL4
10.8.16.15:39033,pool_esbapp_39033,esb_monitor,vs_esbapp_39033,10.8.16.9:39033,tcp,esbL4
10.8.16.16:39033,pool_esbapp_39033,esb_monitor,vs_esbapp_39033,10.8.16.9:39033,tcp,esbL4
10.8.16.25:39033,pool_esbapp_39033,esb_monitor,vs_esbapp_39033,10.8.16.9:39033,tcp,esbL4
10.8.16.26:39033,pool_esbapp_39033,esb_monitor,vs_esbapp_39033,10.8.16.9:39033,tcp,esbL4
10.8.16.5:39034,pool_esbapp_39034,esb_monitor,vs_esbapp_39034,10.8.16.9:39034,tcp,esbL4
10.8.16.6:39034,pool_esbapp_39034,esb_monitor,vs_esbapp_39034,10.8.16.9:39034,tcp,esbL4
10.8.16.7:39034,pool_esbapp_39034,esb_monitor,vs_esbapp_39034,10.8.16.9:39034,tcp,esbL4
10.8.16.8:39034,pool_esbapp_39034,esb_monitor,vs_esbapp_39034,10.8.16.9:39034,tcp,esbL4
10.8.16.15:39034,pool_esbapp_39034,esb_monitor,vs_esbapp_39034,10.8.16.9:39034,tcp,esbL4
10.8.16.16:39034,pool_esbapp_39034,esb_monitor,vs_esbapp_39034,10.8.16.9:39034,tcp,esbL4
10.8.16.25:39034,pool_esbapp_39034,esb_monitor,vs_esbapp_39034,10.8.16.9:39034,tcp,esbL4
10.8.16.26:39034,pool_esbapp_39034,esb_monitor,vs_esbapp_39034,10.8.16.9:39034,tcp,esbL4
10.8.16.5:39035,pool_esbapp_39035,esb_monitor,vs_esbapp_39035,10.8.16.9:39035,tcp,esbL4
10.8.16.6:39035,pool_esbapp_39035,esb_monitor,vs_esbapp_39035,10.8.16.9:39035,tcp,esbL4
10.8.16.7:39035,pool_esbapp_39035,esb_monitor,vs_esbapp_39035,10.8.16.9:39035,tcp,esbL4
10.8.16.8:39035,pool_esbapp_39035,esb_monitor,vs_esbapp_39035,10.8.16.9:39035,tcp,esbL4
10.8.16.15:39035,pool_esbapp_39035,esb_monitor,vs_esbapp_39035,10.8.16.9:39035,tcp,esbL4
10.8.16.16:39035,pool_esbapp_39035,esb_monitor,vs_esbapp_39035,10.8.16.9:39035,tcp,esbL4
10.8.16.25:39035,pool_esbapp_39035,esb_monitor,vs_esbapp_39035,10.8.16.9:39035,tcp,esbL4
10.8.16.26:39035,pool_esbapp_39035,esb_monitor,vs_esbapp_39035,10.8.16.9:39035,tcp,esbL4
10.8.16.5:39036,pool_esbapp_39036,esb_monitor,vs_esbapp_39036,10.8.16.9:39036,tcp,esbL4
10.8.16.6:39036,pool_esbapp_39036,esb_monitor,vs_esbapp_39036,10.8.16.9:39036,tcp,esbL4
10.8.16.7:39036,pool_esbapp_39036,esb_monitor,vs_esbapp_39036,10.8.16.9:39036,tcp,esbL4
10.8.16.8:39036,pool_esbapp_39036,esb_monitor,vs_esbapp_39036,10.8.16.9:39036,tcp,esbL4
10.8.16.15:39036,pool_esbapp_39036,esb_monitor,vs_esbapp_39036,10.8.16.9:39036,tcp,esbL4
10.8.16.16:39036,pool_esbapp_39036,esb_monitor,vs_esbapp_39036,10.8.16.9:39036,tcp,esbL4
10.8.16.25:39036,pool_esbapp_39036,esb_monitor,vs_esbapp_39036,10.8.16.9:39036,tcp,esbL4
10.8.16.26:39036,pool_esbapp_39036,esb_monitor,vs_esbapp_39036,10.8.16.9:39036,tcp,esbL4
10.8.16.5:39037,pool_esbapp_39037,esb_monitor,vs_esbapp_39037,10.8.16.9:39037,tcp,esbL4
10.8.16.6:39037,pool_esbapp_39037,esb_monitor,vs_esbapp_39037,10.8.16.9:39037,tcp,esbL4
10.8.16.7:39037,pool_esbapp_39037,esb_monitor,vs_esbapp_39037,10.8.16.9:39037,tcp,esbL4
10.8.16.8:39037,pool_esbapp_39037,esb_monitor,vs_esbapp_39037,10.8.16.9:39037,tcp,esbL4
10.8.16.15:39037,pool_esbapp_39037,esb_monitor,vs_esbapp_39037,10.8.16.9:39037,tcp,esbL4
10.8.16.16:39037,pool_esbapp_39037,esb_monitor,vs_esbapp_39037,10.8.16.9:39037,tcp,esbL4
10.8.16.25:39037,pool_esbapp_39037,esb_monitor,vs_esbapp_39037,10.8.16.9:39037,tcp,esbL4
10.8.16.26:39037,pool_esbapp_39037,esb_monitor,vs_esbapp_39037,10.8.16.9:39037,tcp,esbL4
10.8.16.5:39038,pool_esbapp_39038,esb_monitor,vs_esbapp_39038,10.8.16.9:39038,tcp,esbL4
10.8.16.6:39038,pool_esbapp_39038,esb_monitor,vs_esbapp_39038,10.8.16.9:39038,tcp,esbL4
10.8.16.7:39038,pool_esbapp_39038,esb_monitor,vs_esbapp_39038,10.8.16.9:39038,tcp,esbL4
10.8.16.8:39038,pool_esbapp_39038,esb_monitor,vs_esbapp_39038,10.8.16.9:39038,tcp,esbL4
10.8.16.15:39038,pool_esbapp_39038,esb_monitor,vs_esbapp_39038,10.8.16.9:39038,tcp,esbL4
10.8.16.16:39038,pool_esbapp_39038,esb_monitor,vs_esbapp_39038,10.8.16.9:39038,tcp,esbL4
10.8.16.25:39038,pool_esbapp_39038,esb_monitor,vs_esbapp_39038,10.8.16.9:39038,tcp,esbL4
10.8.16.26:39038,pool_esbapp_39038,esb_monitor,vs_esbapp_39038,10.8.16.9:39038,tcp,esbL4
10.8.16.5:39039,pool_esbapp_39039,esb_monitor,vs_esbapp_39039,10.8.16.9:39039,tcp,esbL4
10.8.16.6:39039,pool_esbapp_39039,esb_monitor,vs_esbapp_39039,10.8.16.9:39039,tcp,esbL4
10.8.16.7:39039,pool_esbapp_39039,esb_monitor,vs_esbapp_39039,10.8.16.9:39039,tcp,esbL4
10.8.16.8:39039,pool_esbapp_39039,esb_monitor,vs_esbapp_39039,10.8.16.9:39039,tcp,esbL4
10.8.16.15:39039,pool_esbapp_39039,esb_monitor,vs_esbapp_39039,10.8.16.9:39039,tcp,esbL4
10.8.16.16:39039,pool_esbapp_39039,esb_monitor,vs_esbapp_39039,10.8.16.9:39039,tcp,esbL4
10.8.16.25:39039,pool_esbapp_39039,esb_monitor,vs_esbapp_39039,10.8.16.9:39039,tcp,esbL4
10.8.16.26:39039,pool_esbapp_39039,esb_monitor,vs_esbapp_39039,10.8.16.9:39039,tcp,esbL4
10.8.16.5:39040,pool_esbapp_39040,esb_monitor,vs_esbapp_39040,10.8.16.9:39040,tcp,esbL4
10.8.16.6:39040,pool_esbapp_39040,esb_monitor,vs_esbapp_39040,10.8.16.9:39040,tcp,esbL4
10.8.16.7:39040,pool_esbapp_39040,esb_monitor,vs_esbapp_39040,10.8.16.9:39040,tcp,esbL4
10.8.16.8:39040,pool_esbapp_39040,esb_monitor,vs_esbapp_39040,10.8.16.9:39040,tcp,esbL4
10.8.16.15:39040,pool_esbapp_39040,esb_monitor,vs_esbapp_39040,10.8.16.9:39040,tcp,esbL4
10.8.16.16:39040,pool_esbapp_39040,esb_monitor,vs_esbapp_39040,10.8.16.9:39040,tcp,esbL4
10.8.16.25:39040,pool_esbapp_39040,esb_monitor,vs_esbapp_39040,10.8.16.9:39040,tcp,esbL4
10.8.16.26:39040,pool_esbapp_39040,esb_monitor,vs_esbapp_39040,10.8.16.9:39040,tcp,esbL4
10.8.16.5:39041,pool_esbapp_39041,esb_monitor,vs_esbapp_39041,10.8.16.9:39041,tcp,esbL4
10.8.16.6:39041,pool_esbapp_39041,esb_monitor,vs_esbapp_39041,10.8.16.9:39041,tcp,esbL4
10.8.16.7:39041,pool_esbapp_39041,esb_monitor,vs_esbapp_39041,10.8.16.9:39041,tcp,esbL4
10.8.16.8:39041,pool_esbapp_39041,esb_monitor,vs_esbapp_39041,10.8.16.9:39041,tcp,esbL4
10.8.16.15:39041,pool_esbapp_39041,esb_monitor,vs_esbapp_39041,10.8.16.9:39041,tcp,esbL4
10.8.16.16:39041,pool_esbapp_39041,esb_monitor,vs_esbapp_39041,10.8.16.9:39041,tcp,esbL4
10.8.16.25:39041,pool_esbapp_39041,esb_monitor,vs_esbapp_39041,10.8.16.9:39041,tcp,esbL4
10.8.16.26:39041,pool_esbapp_39041,esb_monitor,vs_esbapp_39041,10.8.16.9:39041,tcp,esbL4
10.8.16.5:39042,pool_esbapp_39042,esb_monitor,vs_esbapp_39042,10.8.16.9:39042,tcp,esbL4
10.8.16.6:39042,pool_esbapp_39042,esb_monitor,vs_esbapp_39042,10.8.16.9:39042,tcp,esbL4
10.8.16.7:39042,pool_esbapp_39042,esb_monitor,vs_esbapp_39042,10.8.16.9:39042,tcp,esbL4
10.8.16.8:39042,pool_esbapp_39042,esb_monitor,vs_esbapp_39042,10.8.16.9:39042,tcp,esbL4
10.8.16.15:39042,pool_esbapp_39042,esb_monitor,vs_esbapp_39042,10.8.16.9:39042,tcp,esbL4
10.8.16.16:39042,pool_esbapp_39042,esb_monitor,vs_esbapp_39042,10.8.16.9:39042,tcp,esbL4
10.8.16.25:39042,pool_esbapp_39042,esb_monitor,vs_esbapp_39042,10.8.16.9:39042,tcp,esbL4
10.8.16.26:39042,pool_esbapp_39042,esb_monitor,vs_esbapp_39042,10.8.16.9:39042,tcp,esbL4
10.8.16.5:39043,pool_esbapp_39043,esb_monitor,vs_esbapp_39043,10.8.16.9:39043,tcp,esbL4
10.8.16.6:39043,pool_esbapp_39043,esb_monitor,vs_esbapp_39043,10.8.16.9:39043,tcp,esbL4
10.8.16.7:39043,pool_esbapp_39043,esb_monitor,vs_esbapp_39043,10.8.16.9:39043,tcp,esbL4
10.8.16.8:39043,pool_esbapp_39043,esb_monitor,vs_esbapp_39043,10.8.16.9:39043,tcp,esbL4
10.8.16.15:39043,pool_esbapp_39043,esb_monitor,vs_esbapp_39043,10.8.16.9:39043,tcp,esbL4
10.8.16.16:39043,pool_esbapp_39043,esb_monitor,vs_esbapp_39043,10.8.16.9:39043,tcp,esbL4
10.8.16.25:39043,pool_esbapp_39043,esb_monitor,vs_esbapp_39043,10.8.16.9:39043,tcp,esbL4
10.8.16.26:39043,pool_esbapp_39043,esb_monitor,vs_esbapp_39043,10.8.16.9:39043,tcp,esbL4
10.8.16.5:39044,pool_esbapp_39044,esb_monitor,vs_esbapp_39044,10.8.16.9:39044,tcp,esbL4
10.8.16.6:39044,pool_esbapp_39044,esb_monitor,vs_esbapp_39044,10.8.16.9:39044,tcp,esbL4
10.8.16.7:39044,pool_esbapp_39044,esb_monitor,vs_esbapp_39044,10.8.16.9:39044,tcp,esbL4
10.8.16.8:39044,pool_esbapp_39044,esb_monitor,vs_esbapp_39044,10.8.16.9:39044,tcp,esbL4
10.8.16.15:39044,pool_esbapp_39044,esb_monitor,vs_esbapp_39044,10.8.16.9:39044,tcp,esbL4
10.8.16.16:39044,pool_esbapp_39044,esb_monitor,vs_esbapp_39044,10.8.16.9:39044,tcp,esbL4
10.8.16.25:39044,pool_esbapp_39044,esb_monitor,vs_esbapp_39044,10.8.16.9:39044,tcp,esbL4
10.8.16.26:39044,pool_esbapp_39044,esb_monitor,vs_esbapp_39044,10.8.16.9:39044,tcp,esbL4
10.8.16.5:39045,pool_esbapp_39045,esb_monitor,vs_esbapp_39045,10.8.16.9:39045,tcp,esbL4
10.8.16.6:39045,pool_esbapp_39045,esb_monitor,vs_esbapp_39045,10.8.16.9:39045,tcp,esbL4
10.8.16.7:39045,pool_esbapp_39045,esb_monitor,vs_esbapp_39045,10.8.16.9:39045,tcp,esbL4
10.8.16.8:39045,pool_esbapp_39045,esb_monitor,vs_esbapp_39045,10.8.16.9:39045,tcp,esbL4
10.8.16.15:39045,pool_esbapp_39045,esb_monitor,vs_esbapp_39045,10.8.16.9:39045,tcp,esbL4
10.8.16.16:39045,pool_esbapp_39045,esb_monitor,vs_esbapp_39045,10.8.16.9:39045,tcp,esbL4
10.8.16.25:39045,pool_esbapp_39045,esb_monitor,vs_esbapp_39045,10.8.16.9:39045,tcp,esbL4
10.8.16.26:39045,pool_esbapp_39045,esb_monitor,vs_esbapp_39045,10.8.16.9:39045,tcp,esbL4
10.8.16.5:39046,pool_esbapp_39046,esb_monitor,vs_esbapp_39046,10.8.16.9:39046,tcp,esbL4
10.8.16.6:39046,pool_esbapp_39046,esb_monitor,vs_esbapp_39046,10.8.16.9:39046,tcp,esbL4
10.8.16.7:39046,pool_esbapp_39046,esb_monitor,vs_esbapp_39046,10.8.16.9:39046,tcp,esbL4
10.8.16.8:39046,pool_esbapp_39046,esb_monitor,vs_esbapp_39046,10.8.16.9:39046,tcp,esbL4
10.8.16.15:39046,pool_esbapp_39046,esb_monitor,vs_esbapp_39046,10.8.16.9:39046,tcp,esbL4
10.8.16.16:39046,pool_esbapp_39046,esb_monitor,vs_esbapp_39046,10.8.16.9:39046,tcp,esbL4
10.8.16.25:39046,pool_esbapp_39046,esb_monitor,vs_esbapp_39046,10.8.16.9:39046,tcp,esbL4
10.8.16.26:39046,pool_esbapp_39046,esb_monitor,vs_esbapp_39046,10.8.16.9:39046,tcp,esbL4
10.8.16.5:39047,pool_esbapp_39047,esb_monitor,vs_esbapp_39047,10.8.16.9:39047,tcp,esbL4
10.8.16.6:39047,pool_esbapp_39047,esb_monitor,vs_esbapp_39047,10.8.16.9:39047,tcp,esbL4
10.8.16.7:39047,pool_esbapp_39047,esb_monitor,vs_esbapp_39047,10.8.16.9:39047,tcp,esbL4
10.8.16.8:39047,pool_esbapp_39047,esb_monitor,vs_esbapp_39047,10.8.16.9:39047,tcp,esbL4
10.8.16.15:39047,pool_esbapp_39047,esb_monitor,vs_esbapp_39047,10.8.16.9:39047,tcp,esbL4
10.8.16.16:39047,pool_esbapp_39047,esb_monitor,vs_esbapp_39047,10.8.16.9:39047,tcp,esbL4
10.8.16.25:39047,pool_esbapp_39047,esb_monitor,vs_esbapp_39047,10.8.16.9:39047,tcp,esbL4
10.8.16.26:39047,pool_esbapp_39047,esb_monitor,vs_esbapp_39047,10.8.16.9:39047,tcp,esbL4
10.8.16.5:39048,pool_esbapp_39048,esb_monitor,vs_esbapp_39048,10.8.16.9:39048,tcp,esbL4
10.8.16.6:39048,pool_esbapp_39048,esb_monitor,vs_esbapp_39048,10.8.16.9:39048,tcp,esbL4
10.8.16.7:39048,pool_esbapp_39048,esb_monitor,vs_esbapp_39048,10.8.16.9:39048,tcp,esbL4
10.8.16.8:39048,pool_esbapp_39048,esb_monitor,vs_esbapp_39048,10.8.16.9:39048,tcp,esbL4
10.8.16.15:39048,pool_esbapp_39048,esb_monitor,vs_esbapp_39048,10.8.16.9:39048,tcp,esbL4
10.8.16.16:39048,pool_esbapp_39048,esb_monitor,vs_esbapp_39048,10.8.16.9:39048,tcp,esbL4
10.8.16.25:39048,pool_esbapp_39048,esb_monitor,vs_esbapp_39048,10.8.16.9:39048,tcp,esbL4
10.8.16.26:39048,pool_esbapp_39048,esb_monitor,vs_esbapp_39048,10.8.16.9:39048,tcp,esbL4
10.8.16.5:39049,pool_esbapp_39049,esb_monitor,vs_esbapp_39049,10.8.16.9:39049,tcp,esbL4
10.8.16.6:39049,pool_esbapp_39049,esb_monitor,vs_esbapp_39049,10.8.16.9:39049,tcp,esbL4
10.8.16.7:39049,pool_esbapp_39049,esb_monitor,vs_esbapp_39049,10.8.16.9:39049,tcp,esbL4
10.8.16.8:39049,pool_esbapp_39049,esb_monitor,vs_esbapp_39049,10.8.16.9:39049,tcp,esbL4
10.8.16.15:39049,pool_esbapp_39049,esb_monitor,vs_esbapp_39049,10.8.16.9:39049,tcp,esbL4
10.8.16.16:39049,pool_esbapp_39049,esb_monitor,vs_esbapp_39049,10.8.16.9:39049,tcp,esbL4
10.8.16.25:39049,pool_esbapp_39049,esb_monitor,vs_esbapp_39049,10.8.16.9:39049,tcp,esbL4
10.8.16.26:39049,pool_esbapp_39049,esb_monitor,vs_esbapp_39049,10.8.16.9:39049,tcp,esbL4
10.8.16.5:39050,pool_esbapp_39050,esb_monitor,vs_esbapp_39050,10.8.16.9:39050,tcp,esbL4
10.8.16.6:39050,pool_esbapp_39050,esb_monitor,vs_esbapp_39050,10.8.16.9:39050,tcp,esbL4
10.8.16.7:39050,pool_esbapp_39050,esb_monitor,vs_esbapp_39050,10.8.16.9:39050,tcp,esbL4
10.8.16.8:39050,pool_esbapp_39050,esb_monitor,vs_esbapp_39050,10.8.16.9:39050,tcp,esbL4
10.8.16.15:39050,pool_esbapp_39050,esb_monitor,vs_esbapp_39050,10.8.16.9:39050,tcp,esbL4
10.8.16.16:39050,pool_esbapp_39050,esb_monitor,vs_esbapp_39050,10.8.16.9:39050,tcp,esbL4
10.8.16.25:39050,pool_esbapp_39050,esb_monitor,vs_esbapp_39050,10.8.16.9:39050,tcp,esbL4
10.8.16.26:39050,pool_esbapp_39050,esb_monitor,vs_esbapp_39050,10.8.16.9:39050,tcp,esbL4
10.8.16.5:39051,pool_esbapp_39051,esb_monitor,vs_esbapp_39051,10.8.16.9:39051,tcp,fast_esb
10.8.16.6:39051,pool_esbapp_39051,esb_monitor,vs_esbapp_39051,10.8.16.9:39051,tcp,fast_esb
10.8.16.7:39051,pool_esbapp_39051,esb_monitor,vs_esbapp_39051,10.8.16.9:39051,tcp,fast_esb
10.8.16.8:39051,pool_esbapp_39051,esb_monitor,vs_esbapp_39051,10.8.16.9:39051,tcp,fast_esb
10.8.16.15:39051,pool_esbapp_39051,esb_monitor,vs_esbapp_39051,10.8.16.9:39051,tcp,fast_esb
10.8.16.16:39051,pool_esbapp_39051,esb_monitor,vs_esbapp_39051,10.8.16.9:39051,tcp,fast_esb
10.8.16.25:39051,pool_esbapp_39051,esb_monitor,vs_esbapp_39051,10.8.16.9:39051,tcp,fast_esb
10.8.16.26:39051,pool_esbapp_39051,esb_monitor,vs_esbapp_39051,10.8.16.9:39051,tcp,fast_esb
10.8.16.5:39052,pool_esbapp_39052,esb_monitor,vs_esbapp_39052,10.8.16.9:39052,tcp,esbL4
10.8.16.6:39052,pool_esbapp_39052,esb_monitor,vs_esbapp_39052,10.8.16.9:39052,tcp,esbL4
10.8.16.7:39052,pool_esbapp_39052,esb_monitor,vs_esbapp_39052,10.8.16.9:39052,tcp,esbL4
10.8.16.8:39052,pool_esbapp_39052,esb_monitor,vs_esbapp_39052,10.8.16.9:39052,tcp,esbL4
10.8.16.15:39052,pool_esbapp_39052,esb_monitor,vs_esbapp_39052,10.8.16.9:39052,tcp,esbL4
10.8.16.16:39052,pool_esbapp_39052,esb_monitor,vs_esbapp_39052,10.8.16.9:39052,tcp,esbL4
10.8.16.25:39052,pool_esbapp_39052,esb_monitor,vs_esbapp_39052,10.8.16.9:39052,tcp,esbL4
10.8.16.26:39052,pool_esbapp_39052,esb_monitor,vs_esbapp_39052,10.8.16.9:39052,tcp,esbL4
10.8.16.5:39053,pool_esbapp_39053,esb_monitor,vs_esbapp_39053,10.8.16.9:39053,tcp,esbL4
10.8.16.6:39053,pool_esbapp_39053,esb_monitor,vs_esbapp_39053,10.8.16.9:39053,tcp,esbL4
10.8.16.7:39053,pool_esbapp_39053,esb_monitor,vs_esbapp_39053,10.8.16.9:39053,tcp,esbL4
10.8.16.8:39053,pool_esbapp_39053,esb_monitor,vs_esbapp_39053,10.8.16.9:39053,tcp,esbL4
10.8.16.15:39053,pool_esbapp_39053,esb_monitor,vs_esbapp_39053,10.8.16.9:39053,tcp,esbL4
10.8.16.16:39053,pool_esbapp_39053,esb_monitor,vs_esbapp_39053,10.8.16.9:39053,tcp,esbL4
10.8.16.25:39053,pool_esbapp_39053,esb_monitor,vs_esbapp_39053,10.8.16.9:39053,tcp,esbL4
10.8.16.26:39053,pool_esbapp_39053,esb_monitor,vs_esbapp_39053,10.8.16.9:39053,tcp,esbL4
10.8.16.5:39054,pool_esbapp_39054,esb_monitor,vs_esbapp_39054,10.8.16.9:39054,tcp,esbL4
10.8.16.6:39054,pool_esbapp_39054,esb_monitor,vs_esbapp_39054,10.8.16.9:39054,tcp,esbL4
10.8.16.7:39054,pool_esbapp_39054,esb_monitor,vs_esbapp_39054,10.8.16.9:39054,tcp,esbL4
10.8.16.8:39054,pool_esbapp_39054,esb_monitor,vs_esbapp_39054,10.8.16.9:39054,tcp,esbL4
10.8.16.15:39054,pool_esbapp_39054,esb_monitor,vs_esbapp_39054,10.8.16.9:39054,tcp,esbL4
10.8.16.16:39054,pool_esbapp_39054,esb_monitor,vs_esbapp_39054,10.8.16.9:39054,tcp,esbL4
10.8.16.25:39054,pool_esbapp_39054,esb_monitor,vs_esbapp_39054,10.8.16.9:39054,tcp,esbL4
10.8.16.26:39054,pool_esbapp_39054,esb_monitor,vs_esbapp_39054,10.8.16.9:39054,tcp,esbL4
10.8.16.5:39055,pool_esbapp_39055,esb_monitor,vs_esbapp_39055,10.8.16.9:39055,tcp,esbL4
10.8.16.6:39055,pool_esbapp_39055,esb_monitor,vs_esbapp_39055,10.8.16.9:39055,tcp,esbL4
10.8.16.7:39055,pool_esbapp_39055,esb_monitor,vs_esbapp_39055,10.8.16.9:39055,tcp,esbL4
10.8.16.8:39055,pool_esbapp_39055,esb_monitor,vs_esbapp_39055,10.8.16.9:39055,tcp,esbL4
10.8.16.15:39055,pool_esbapp_39055,esb_monitor,vs_esbapp_39055,10.8.16.9:39055,tcp,esbL4
10.8.16.16:39055,pool_esbapp_39055,esb_monitor,vs_esbapp_39055,10.8.16.9:39055,tcp,esbL4
10.8.16.25:39055,pool_esbapp_39055,esb_monitor,vs_esbapp_39055,10.8.16.9:39055,tcp,esbL4
10.8.16.26:39055,pool_esbapp_39055,esb_monitor,vs_esbapp_39055,10.8.16.9:39055,tcp,esbL4
10.8.16.5:39056,pool_esbapp_39056,esb_monitor,vs_esbapp_39056,10.8.16.9:39056,tcp,esbL4
10.8.16.6:39056,pool_esbapp_39056,esb_monitor,vs_esbapp_39056,10.8.16.9:39056,tcp,esbL4
10.8.16.7:39056,pool_esbapp_39056,esb_monitor,vs_esbapp_39056,10.8.16.9:39056,tcp,esbL4
10.8.16.8:39056,pool_esbapp_39056,esb_monitor,vs_esbapp_39056,10.8.16.9:39056,tcp,esbL4
10.8.16.15:39056,pool_esbapp_39056,esb_monitor,vs_esbapp_39056,10.8.16.9:39056,tcp,esbL4
10.8.16.16:39056,pool_esbapp_39056,esb_monitor,vs_esbapp_39056,10.8.16.9:39056,tcp,esbL4
10.8.16.25:39056,pool_esbapp_39056,esb_monitor,vs_esbapp_39056,10.8.16.9:39056,tcp,esbL4
10.8.16.26:39056,pool_esbapp_39056,esb_monitor,vs_esbapp_39056,10.8.16.9:39056,tcp,esbL4
10.8.16.5:39057,pool_esbapp_39057,esb_monitor,vs_esbapp_39057,10.8.16.9:39057,tcp,esbL4
10.8.16.6:39057,pool_esbapp_39057,esb_monitor,vs_esbapp_39057,10.8.16.9:39057,tcp,esbL4
10.8.16.7:39057,pool_esbapp_39057,esb_monitor,vs_esbapp_39057,10.8.16.9:39057,tcp,esbL4
10.8.16.8:39057,pool_esbapp_39057,esb_monitor,vs_esbapp_39057,10.8.16.9:39057,tcp,esbL4
10.8.16.15:39057,pool_esbapp_39057,esb_monitor,vs_esbapp_39057,10.8.16.9:39057,tcp,esbL4
10.8.16.16:39057,pool_esbapp_39057,esb_monitor,vs_esbapp_39057,10.8.16.9:39057,tcp,esbL4
10.8.16.25:39057,pool_esbapp_39057,esb_monitor,vs_esbapp_39057,10.8.16.9:39057,tcp,esbL4
10.8.16.26:39057,pool_esbapp_39057,esb_monitor,vs_esbapp_39057,10.8.16.9:39057,tcp,esbL4
10.8.16.5:39058,pool_esbapp_39058,esb_monitor,vs_esbapp_39058,10.8.16.9:39058,tcp,esbL4
10.8.16.6:39058,pool_esbapp_39058,esb_monitor,vs_esbapp_39058,10.8.16.9:39058,tcp,esbL4
10.8.16.7:39058,pool_esbapp_39058,esb_monitor,vs_esbapp_39058,10.8.16.9:39058,tcp,esbL4
10.8.16.8:39058,pool_esbapp_39058,esb_monitor,vs_esbapp_39058,10.8.16.9:39058,tcp,esbL4
10.8.16.15:39058,pool_esbapp_39058,esb_monitor,vs_esbapp_39058,10.8.16.9:39058,tcp,esbL4
10.8.16.16:39058,pool_esbapp_39058,esb_monitor,vs_esbapp_39058,10.8.16.9:39058,tcp,esbL4
10.8.16.25:39058,pool_esbapp_39058,esb_monitor,vs_esbapp_39058,10.8.16.9:39058,tcp,esbL4
10.8.16.26:39058,pool_esbapp_39058,esb_monitor,vs_esbapp_39058,10.8.16.9:39058,tcp,esbL4
10.8.16.5:39059,pool_esbapp_39059,esb_monitor,vs_esbapp_39059,10.8.16.9:39059,tcp,esbL4
10.8.16.6:39059,pool_esbapp_39059,esb_monitor,vs_esbapp_39059,10.8.16.9:39059,tcp,esbL4
10.8.16.7:39059,pool_esbapp_39059,esb_monitor,vs_esbapp_39059,10.8.16.9:39059,tcp,esbL4
10.8.16.8:39059,pool_esbapp_39059,esb_monitor,vs_esbapp_39059,10.8.16.9:39059,tcp,esbL4
10.8.16.15:39059,pool_esbapp_39059,esb_monitor,vs_esbapp_39059,10.8.16.9:39059,tcp,esbL4
10.8.16.16:39059,pool_esbapp_39059,esb_monitor,vs_esbapp_39059,10.8.16.9:39059,tcp,esbL4
10.8.16.25:39059,pool_esbapp_39059,esb_monitor,vs_esbapp_39059,10.8.16.9:39059,tcp,esbL4
10.8.16.26:39059,pool_esbapp_39059,esb_monitor,vs_esbapp_39059,10.8.16.9:39059,tcp,esbL4
10.8.16.5:39060,pool_esbapp_39060,esb_monitor,vs_esbapp_39060,10.8.16.9:39060,tcp,esbL4
10.8.16.6:39060,pool_esbapp_39060,esb_monitor,vs_esbapp_39060,10.8.16.9:39060,tcp,esbL4
10.8.16.7:39060,pool_esbapp_39060,esb_monitor,vs_esbapp_39060,10.8.16.9:39060,tcp,esbL4
10.8.16.8:39060,pool_esbapp_39060,esb_monitor,vs_esbapp_39060,10.8.16.9:39060,tcp,esbL4
10.8.16.15:39060,pool_esbapp_39060,esb_monitor,vs_esbapp_39060,10.8.16.9:39060,tcp,esbL4
10.8.16.16:39060,pool_esbapp_39060,esb_monitor,vs_esbapp_39060,10.8.16.9:39060,tcp,esbL4
10.8.16.25:39060,pool_esbapp_39060,esb_monitor,vs_esbapp_39060,10.8.16.9:39060,tcp,esbL4
10.8.16.26:39060,pool_esbapp_39060,esb_monitor,vs_esbapp_39060,10.8.16.9:39060,tcp,esbL4
10.8.16.5:39061,pool_esbapp_39061,esb_monitor,vs_esbapp_39061,10.8.16.9:39061,tcp,esbL4
10.8.16.6:39061,pool_esbapp_39061,esb_monitor,vs_esbapp_39061,10.8.16.9:39061,tcp,esbL4
10.8.16.7:39061,pool_esbapp_39061,esb_monitor,vs_esbapp_39061,10.8.16.9:39061,tcp,esbL4
10.8.16.8:39061,pool_esbapp_39061,esb_monitor,vs_esbapp_39061,10.8.16.9:39061,tcp,esbL4
10.8.16.15:39061,pool_esbapp_39061,esb_monitor,vs_esbapp_39061,10.8.16.9:39061,tcp,esbL4
10.8.16.16:39061,pool_esbapp_39061,esb_monitor,vs_esbapp_39061,10.8.16.9:39061,tcp,esbL4
10.8.16.25:39061,pool_esbapp_39061,esb_monitor,vs_esbapp_39061,10.8.16.9:39061,tcp,esbL4
10.8.16.26:39061,pool_esbapp_39061,esb_monitor,vs_esbapp_39061,10.8.16.9:39061,tcp,esbL4
10.8.16.5:39062,pool_esbapp_39062,esb_monitor,vs_esbapp_39062,10.8.16.9:39062,tcp,esbL4
10.8.16.6:39062,pool_esbapp_39062,esb_monitor,vs_esbapp_39062,10.8.16.9:39062,tcp,esbL4
10.8.16.7:39062,pool_esbapp_39062,esb_monitor,vs_esbapp_39062,10.8.16.9:39062,tcp,esbL4
10.8.16.8:39062,pool_esbapp_39062,esb_monitor,vs_esbapp_39062,10.8.16.9:39062,tcp,esbL4
10.8.16.15:39062,pool_esbapp_39062,esb_monitor,vs_esbapp_39062,10.8.16.9:39062,tcp,esbL4
10.8.16.16:39062,pool_esbapp_39062,esb_monitor,vs_esbapp_39062,10.8.16.9:39062,tcp,esbL4
10.8.16.25:39062,pool_esbapp_39062,esb_monitor,vs_esbapp_39062,10.8.16.9:39062,tcp,esbL4
10.8.16.26:39062,pool_esbapp_39062,esb_monitor,vs_esbapp_39062,10.8.16.9:39062,tcp,esbL4
10.8.16.5:39063,pool_esbapp_39063,esb_monitor,vs_esbapp_39063,10.8.16.9:39063,tcp,esbL4
10.8.16.6:39063,pool_esbapp_39063,esb_monitor,vs_esbapp_39063,10.8.16.9:39063,tcp,esbL4
10.8.16.7:39063,pool_esbapp_39063,esb_monitor,vs_esbapp_39063,10.8.16.9:39063,tcp,esbL4
10.8.16.8:39063,pool_esbapp_39063,esb_monitor,vs_esbapp_39063,10.8.16.9:39063,tcp,esbL4
10.8.16.15:39063,pool_esbapp_39063,esb_monitor,vs_esbapp_39063,10.8.16.9:39063,tcp,esbL4
10.8.16.16:39063,pool_esbapp_39063,esb_monitor,vs_esbapp_39063,10.8.16.9:39063,tcp,esbL4
10.8.16.25:39063,pool_esbapp_39063,esb_monitor,vs_esbapp_39063,10.8.16.9:39063,tcp,esbL4
10.8.16.26:39063,pool_esbapp_39063,esb_monitor,vs_esbapp_39063,10.8.16.9:39063,tcp,esbL4
10.8.16.5:39064,pool_esbapp_39064,esb_monitor,vs_esbapp_39064,10.8.16.9:39064,tcp,esbL4
10.8.16.6:39064,pool_esbapp_39064,esb_monitor,vs_esbapp_39064,10.8.16.9:39064,tcp,esbL4
10.8.16.7:39064,pool_esbapp_39064,esb_monitor,vs_esbapp_39064,10.8.16.9:39064,tcp,esbL4
10.8.16.8:39064,pool_esbapp_39064,esb_monitor,vs_esbapp_39064,10.8.16.9:39064,tcp,esbL4
10.8.16.15:39064,pool_esbapp_39064,esb_monitor,vs_esbapp_39064,10.8.16.9:39064,tcp,esbL4
10.8.16.16:39064,pool_esbapp_39064,esb_monitor,vs_esbapp_39064,10.8.16.9:39064,tcp,esbL4
10.8.16.25:39064,pool_esbapp_39064,esb_monitor,vs_esbapp_39064,10.8.16.9:39064,tcp,esbL4
10.8.16.26:39064,pool_esbapp_39064,esb_monitor,vs_esbapp_39064,10.8.16.9:39064,tcp,esbL4
10.8.16.5:39065,pool_esbapp_39065,esb_monitor,vs_esbapp_39065,10.8.16.9:39065,tcp,esbL4
10.8.16.6:39065,pool_esbapp_39065,esb_monitor,vs_esbapp_39065,10.8.16.9:39065,tcp,esbL4
10.8.16.7:39065,pool_esbapp_39065,esb_monitor,vs_esbapp_39065,10.8.16.9:39065,tcp,esbL4
10.8.16.8:39065,pool_esbapp_39065,esb_monitor,vs_esbapp_39065,10.8.16.9:39065,tcp,esbL4
10.8.16.15:39065,pool_esbapp_39065,esb_monitor,vs_esbapp_39065,10.8.16.9:39065,tcp,esbL4
10.8.16.16:39065,pool_esbapp_39065,esb_monitor,vs_esbapp_39065,10.8.16.9:39065,tcp,esbL4
10.8.16.25:39065,pool_esbapp_39065,esb_monitor,vs_esbapp_39065,10.8.16.9:39065,tcp,esbL4
10.8.16.26:39065,pool_esbapp_39065,esb_monitor,vs_esbapp_39065,10.8.16.9:39065,tcp,esbL4
10.8.16.5:39066,pool_esbapp_39066,esb_monitor,vs_esbapp_39066,10.8.16.9:39066,tcp,esbL4
10.8.16.6:39066,pool_esbapp_39066,esb_monitor,vs_esbapp_39066,10.8.16.9:39066,tcp,esbL4
10.8.16.7:39066,pool_esbapp_39066,esb_monitor,vs_esbapp_39066,10.8.16.9:39066,tcp,esbL4
10.8.16.8:39066,pool_esbapp_39066,esb_monitor,vs_esbapp_39066,10.8.16.9:39066,tcp,esbL4
10.8.16.15:39066,pool_esbapp_39066,esb_monitor,vs_esbapp_39066,10.8.16.9:39066,tcp,esbL4
10.8.16.16:39066,pool_esbapp_39066,esb_monitor,vs_esbapp_39066,10.8.16.9:39066,tcp,esbL4
10.8.16.25:39066,pool_esbapp_39066,esb_monitor,vs_esbapp_39066,10.8.16.9:39066,tcp,esbL4
10.8.16.26:39066,pool_esbapp_39066,esb_monitor,vs_esbapp_39066,10.8.16.9:39066,tcp,esbL4
10.8.16.5:39067,pool_esbapp_39067,esb_monitor,vs_esbapp_39067,10.8.16.9:39067,tcp,esbL4
10.8.16.6:39067,pool_esbapp_39067,esb_monitor,vs_esbapp_39067,10.8.16.9:39067,tcp,esbL4
10.8.16.7:39067,pool_esbapp_39067,esb_monitor,vs_esbapp_39067,10.8.16.9:39067,tcp,esbL4
10.8.16.8:39067,pool_esbapp_39067,esb_monitor,vs_esbapp_39067,10.8.16.9:39067,tcp,esbL4
10.8.16.15:39067,pool_esbapp_39067,esb_monitor,vs_esbapp_39067,10.8.16.9:39067,tcp,esbL4
10.8.16.16:39067,pool_esbapp_39067,esb_monitor,vs_esbapp_39067,10.8.16.9:39067,tcp,esbL4
10.8.16.25:39067,pool_esbapp_39067,esb_monitor,vs_esbapp_39067,10.8.16.9:39067,tcp,esbL4
10.8.16.26:39067,pool_esbapp_39067,esb_monitor,vs_esbapp_39067,10.8.16.9:39067,tcp,esbL4
10.8.16.5:39068,pool_esbapp_39068,esb_monitor,vs_esbapp_39068,10.8.16.9:39068,tcp,esbL4
10.8.16.6:39068,pool_esbapp_39068,esb_monitor,vs_esbapp_39068,10.8.16.9:39068,tcp,esbL4
10.8.16.7:39068,pool_esbapp_39068,esb_monitor,vs_esbapp_39068,10.8.16.9:39068,tcp,esbL4
10.8.16.8:39068,pool_esbapp_39068,esb_monitor,vs_esbapp_39068,10.8.16.9:39068,tcp,esbL4
10.8.16.15:39068,pool_esbapp_39068,esb_monitor,vs_esbapp_39068,10.8.16.9:39068,tcp,esbL4
10.8.16.16:39068,pool_esbapp_39068,esb_monitor,vs_esbapp_39068,10.8.16.9:39068,tcp,esbL4
10.8.16.25:39068,pool_esbapp_39068,esb_monitor,vs_esbapp_39068,10.8.16.9:39068,tcp,esbL4
10.8.16.26:39068,pool_esbapp_39068,esb_monitor,vs_esbapp_39068,10.8.16.9:39068,tcp,esbL4
10.8.16.5:39069,pool_esbapp_39069,esb_monitor,vs_esbapp_39069,10.8.16.9:39069,tcp,esbL4
10.8.16.6:39069,pool_esbapp_39069,esb_monitor,vs_esbapp_39069,10.8.16.9:39069,tcp,esbL4
10.8.16.7:39069,pool_esbapp_39069,esb_monitor,vs_esbapp_39069,10.8.16.9:39069,tcp,esbL4
10.8.16.8:39069,pool_esbapp_39069,esb_monitor,vs_esbapp_39069,10.8.16.9:39069,tcp,esbL4
10.8.16.15:39069,pool_esbapp_39069,esb_monitor,vs_esbapp_39069,10.8.16.9:39069,tcp,esbL4
10.8.16.16:39069,pool_esbapp_39069,esb_monitor,vs_esbapp_39069,10.8.16.9:39069,tcp,esbL4
10.8.16.25:39069,pool_esbapp_39069,esb_monitor,vs_esbapp_39069,10.8.16.9:39069,tcp,esbL4
10.8.16.26:39069,pool_esbapp_39069,esb_monitor,vs_esbapp_39069,10.8.16.9:39069,tcp,esbL4
10.8.16.5:39070,pool_esbapp_39070,esb_monitor,vs_esbapp_39070,10.8.16.9:39070,tcp,esbL4
10.8.16.6:39070,pool_esbapp_39070,esb_monitor,vs_esbapp_39070,10.8.16.9:39070,tcp,esbL4
10.8.16.7:39070,pool_esbapp_39070,esb_monitor,vs_esbapp_39070,10.8.16.9:39070,tcp,esbL4
10.8.16.8:39070,pool_esbapp_39070,esb_monitor,vs_esbapp_39070,10.8.16.9:39070,tcp,esbL4
10.8.16.15:39070,pool_esbapp_39070,esb_monitor,vs_esbapp_39070,10.8.16.9:39070,tcp,esbL4
10.8.16.16:39070,pool_esbapp_39070,esb_monitor,vs_esbapp_39070,10.8.16.9:39070,tcp,esbL4
10.8.16.25:39070,pool_esbapp_39070,esb_monitor,vs_esbapp_39070,10.8.16.9:39070,tcp,esbL4
10.8.16.26:39070,pool_esbapp_39070,esb_monitor,vs_esbapp_39070,10.8.16.9:39070,tcp,esbL4
10.8.16.5:39071,pool_esbapp_39071,esb_monitor,vs_esbapp_39071,10.8.16.9:39071,tcp,esbL4
10.8.16.6:39071,pool_esbapp_39071,esb_monitor,vs_esbapp_39071,10.8.16.9:39071,tcp,esbL4
10.8.16.7:39071,pool_esbapp_39071,esb_monitor,vs_esbapp_39071,10.8.16.9:39071,tcp,esbL4
10.8.16.8:39071,pool_esbapp_39071,esb_monitor,vs_esbapp_39071,10.8.16.9:39071,tcp,esbL4
10.8.16.15:39071,pool_esbapp_39071,esb_monitor,vs_esbapp_39071,10.8.16.9:39071,tcp,esbL4
10.8.16.16:39071,pool_esbapp_39071,esb_monitor,vs_esbapp_39071,10.8.16.9:39071,tcp,esbL4
10.8.16.25:39071,pool_esbapp_39071,esb_monitor,vs_esbapp_39071,10.8.16.9:39071,tcp,esbL4
10.8.16.26:39071,pool_esbapp_39071,esb_monitor,vs_esbapp_39071,10.8.16.9:39071,tcp,esbL4
10.8.16.5:39072,pool_esbapp_39072,esb_monitor,vs_esbapp_39072,10.8.16.9:39072,tcp,esbL4
10.8.16.6:39072,pool_esbapp_39072,esb_monitor,vs_esbapp_39072,10.8.16.9:39072,tcp,esbL4
10.8.16.7:39072,pool_esbapp_39072,esb_monitor,vs_esbapp_39072,10.8.16.9:39072,tcp,esbL4
10.8.16.8:39072,pool_esbapp_39072,esb_monitor,vs_esbapp_39072,10.8.16.9:39072,tcp,esbL4
10.8.16.15:39072,pool_esbapp_39072,esb_monitor,vs_esbapp_39072,10.8.16.9:39072,tcp,esbL4
10.8.16.16:39072,pool_esbapp_39072,esb_monitor,vs_esbapp_39072,10.8.16.9:39072,tcp,esbL4
10.8.16.25:39072,pool_esbapp_39072,esb_monitor,vs_esbapp_39072,10.8.16.9:39072,tcp,esbL4
10.8.16.26:39072,pool_esbapp_39072,esb_monitor,vs_esbapp_39072,10.8.16.9:39072,tcp,esbL4
10.8.16.5:39073,pool_esbapp_39073,esb_monitor,vs_esbapp_39073,10.8.16.9:39073,tcp,esbL4
10.8.16.6:39073,pool_esbapp_39073,esb_monitor,vs_esbapp_39073,10.8.16.9:39073,tcp,esbL4
10.8.16.7:39073,pool_esbapp_39073,esb_monitor,vs_esbapp_39073,10.8.16.9:39073,tcp,esbL4
10.8.16.8:39073,pool_esbapp_39073,esb_monitor,vs_esbapp_39073,10.8.16.9:39073,tcp,esbL4
10.8.16.15:39073,pool_esbapp_39073,esb_monitor,vs_esbapp_39073,10.8.16.9:39073,tcp,esbL4
10.8.16.16:39073,pool_esbapp_39073,esb_monitor,vs_esbapp_39073,10.8.16.9:39073,tcp,esbL4
10.8.16.25:39073,pool_esbapp_39073,esb_monitor,vs_esbapp_39073,10.8.16.9:39073,tcp,esbL4
10.8.16.26:39073,pool_esbapp_39073,esb_monitor,vs_esbapp_39073,10.8.16.9:39073,tcp,esbL4
10.8.16.5:39074,pool_esbapp_39074,esb_monitor,vs_esbapp_39074,10.8.16.9:39074,tcp,esbL4
10.8.16.6:39074,pool_esbapp_39074,esb_monitor,vs_esbapp_39074,10.8.16.9:39074,tcp,esbL4
10.8.16.7:39074,pool_esbapp_39074,esb_monitor,vs_esbapp_39074,10.8.16.9:39074,tcp,esbL4
10.8.16.8:39074,pool_esbapp_39074,esb_monitor,vs_esbapp_39074,10.8.16.9:39074,tcp,esbL4
10.8.16.15:39074,pool_esbapp_39074,esb_monitor,vs_esbapp_39074,10.8.16.9:39074,tcp,esbL4
10.8.16.16:39074,pool_esbapp_39074,esb_monitor,vs_esbapp_39074,10.8.16.9:39074,tcp,esbL4
10.8.16.25:39074,pool_esbapp_39074,esb_monitor,vs_esbapp_39074,10.8.16.9:39074,tcp,esbL4
10.8.16.26:39074,pool_esbapp_39074,esb_monitor,vs_esbapp_39074,10.8.16.9:39074,tcp,esbL4
10.8.16.5:39075,pool_esbapp_39075,esb_monitor,vs_esbapp_39075,10.8.16.9:39075,tcp,esbL4
10.8.16.6:39075,pool_esbapp_39075,esb_monitor,vs_esbapp_39075,10.8.16.9:39075,tcp,esbL4
10.8.16.7:39075,pool_esbapp_39075,esb_monitor,vs_esbapp_39075,10.8.16.9:39075,tcp,esbL4
10.8.16.8:39075,pool_esbapp_39075,esb_monitor,vs_esbapp_39075,10.8.16.9:39075,tcp,esbL4
10.8.16.15:39075,pool_esbapp_39075,esb_monitor,vs_esbapp_39075,10.8.16.9:39075,tcp,esbL4
10.8.16.16:39075,pool_esbapp_39075,esb_monitor,vs_esbapp_39075,10.8.16.9:39075,tcp,esbL4
10.8.16.25:39075,pool_esbapp_39075,esb_monitor,vs_esbapp_39075,10.8.16.9:39075,tcp,esbL4
10.8.16.26:39075,pool_esbapp_39075,esb_monitor,vs_esbapp_39075,10.8.16.9:39075,tcp,esbL4
10.8.16.5:39076,pool_esbapp_39076,esb_monitor,vs_esbapp_39076,10.8.16.9:39076,tcp,esbL4
10.8.16.6:39076,pool_esbapp_39076,esb_monitor,vs_esbapp_39076,10.8.16.9:39076,tcp,esbL4
10.8.16.7:39076,pool_esbapp_39076,esb_monitor,vs_esbapp_39076,10.8.16.9:39076,tcp,esbL4
10.8.16.8:39076,pool_esbapp_39076,esb_monitor,vs_esbapp_39076,10.8.16.9:39076,tcp,esbL4
10.8.16.15:39076,pool_esbapp_39076,esb_monitor,vs_esbapp_39076,10.8.16.9:39076,tcp,esbL4
10.8.16.16:39076,pool_esbapp_39076,esb_monitor,vs_esbapp_39076,10.8.16.9:39076,tcp,esbL4
10.8.16.25:39076,pool_esbapp_39076,esb_monitor,vs_esbapp_39076,10.8.16.9:39076,tcp,esbL4
10.8.16.26:39076,pool_esbapp_39076,esb_monitor,vs_esbapp_39076,10.8.16.9:39076,tcp,esbL4
10.8.16.5:39077,pool_esbapp_39077,esb_monitor,vs_esbapp_39077,10.8.16.9:39077,tcp,esbL4
10.8.16.6:39077,pool_esbapp_39077,esb_monitor,vs_esbapp_39077,10.8.16.9:39077,tcp,esbL4
10.8.16.7:39077,pool_esbapp_39077,esb_monitor,vs_esbapp_39077,10.8.16.9:39077,tcp,esbL4
10.8.16.8:39077,pool_esbapp_39077,esb_monitor,vs_esbapp_39077,10.8.16.9:39077,tcp,esbL4
10.8.16.15:39077,pool_esbapp_39077,esb_monitor,vs_esbapp_39077,10.8.16.9:39077,tcp,esbL4
10.8.16.16:39077,pool_esbapp_39077,esb_monitor,vs_esbapp_39077,10.8.16.9:39077,tcp,esbL4
10.8.16.25:39077,pool_esbapp_39077,esb_monitor,vs_esbapp_39077,10.8.16.9:39077,tcp,esbL4
10.8.16.26:39077,pool_esbapp_39077,esb_monitor,vs_esbapp_39077,10.8.16.9:39077,tcp,esbL4
10.8.16.5:39078,pool_esbapp_39078,esb_monitor,vs_esbapp_39078,10.8.16.9:39078,tcp,esbL4
10.8.16.6:39078,pool_esbapp_39078,esb_monitor,vs_esbapp_39078,10.8.16.9:39078,tcp,esbL4
10.8.16.7:39078,pool_esbapp_39078,esb_monitor,vs_esbapp_39078,10.8.16.9:39078,tcp,esbL4
10.8.16.8:39078,pool_esbapp_39078,esb_monitor,vs_esbapp_39078,10.8.16.9:39078,tcp,esbL4
10.8.16.15:39078,pool_esbapp_39078,esb_monitor,vs_esbapp_39078,10.8.16.9:39078,tcp,esbL4
10.8.16.16:39078,pool_esbapp_39078,esb_monitor,vs_esbapp_39078,10.8.16.9:39078,tcp,esbL4
10.8.16.25:39078,pool_esbapp_39078,esb_monitor,vs_esbapp_39078,10.8.16.9:39078,tcp,esbL4
10.8.16.26:39078,pool_esbapp_39078,esb_monitor,vs_esbapp_39078,10.8.16.9:39078,tcp,esbL4
10.8.16.5:39079,pool_esbapp_39079,esb_monitor,vs_esbapp_39079,10.8.16.9:39079,tcp,esbL4
10.8.16.6:39079,pool_esbapp_39079,esb_monitor,vs_esbapp_39079,10.8.16.9:39079,tcp,esbL4
10.8.16.7:39079,pool_esbapp_39079,esb_monitor,vs_esbapp_39079,10.8.16.9:39079,tcp,esbL4
10.8.16.8:39079,pool_esbapp_39079,esb_monitor,vs_esbapp_39079,10.8.16.9:39079,tcp,esbL4
10.8.16.15:39079,pool_esbapp_39079,esb_monitor,vs_esbapp_39079,10.8.16.9:39079,tcp,esbL4
10.8.16.16:39079,pool_esbapp_39079,esb_monitor,vs_esbapp_39079,10.8.16.9:39079,tcp,esbL4
10.8.16.25:39079,pool_esbapp_39079,esb_monitor,vs_esbapp_39079,10.8.16.9:39079,tcp,esbL4
10.8.16.26:39079,pool_esbapp_39079,esb_monitor,vs_esbapp_39079,10.8.16.9:39079,tcp,esbL4
10.8.16.5:39080,pool_esbapp_39080,esb_monitor,vs_esbapp_39080,10.8.16.9:39080,tcp,esbL4
10.8.16.6:39080,pool_esbapp_39080,esb_monitor,vs_esbapp_39080,10.8.16.9:39080,tcp,esbL4
10.8.16.7:39080,pool_esbapp_39080,esb_monitor,vs_esbapp_39080,10.8.16.9:39080,tcp,esbL4
10.8.16.8:39080,pool_esbapp_39080,esb_monitor,vs_esbapp_39080,10.8.16.9:39080,tcp,esbL4
10.8.16.15:39080,pool_esbapp_39080,esb_monitor,vs_esbapp_39080,10.8.16.9:39080,tcp,esbL4
10.8.16.16:39080,pool_esbapp_39080,esb_monitor,vs_esbapp_39080,10.8.16.9:39080,tcp,esbL4
10.8.16.25:39080,pool_esbapp_39080,esb_monitor,vs_esbapp_39080,10.8.16.9:39080,tcp,esbL4
10.8.16.26:39080,pool_esbapp_39080,esb_monitor,vs_esbapp_39080,10.8.16.9:39080,tcp,esbL4
10.8.16.5:39081,pool_esbapp_39081,esb_monitor,vs_esbapp_39081,10.8.16.9:39081,tcp,esbL4
10.8.16.6:39081,pool_esbapp_39081,esb_monitor,vs_esbapp_39081,10.8.16.9:39081,tcp,esbL4
10.8.16.7:39081,pool_esbapp_39081,esb_monitor,vs_esbapp_39081,10.8.16.9:39081,tcp,esbL4
10.8.16.8:39081,pool_esbapp_39081,esb_monitor,vs_esbapp_39081,10.8.16.9:39081,tcp,esbL4
10.8.16.15:39081,pool_esbapp_39081,esb_monitor,vs_esbapp_39081,10.8.16.9:39081,tcp,esbL4
10.8.16.16:39081,pool_esbapp_39081,esb_monitor,vs_esbapp_39081,10.8.16.9:39081,tcp,esbL4
10.8.16.25:39081,pool_esbapp_39081,esb_monitor,vs_esbapp_39081,10.8.16.9:39081,tcp,esbL4
10.8.16.26:39081,pool_esbapp_39081,esb_monitor,vs_esbapp_39081,10.8.16.9:39081,tcp,esbL4
10.8.16.5:39082,pool_esbapp_39082,esb_monitor,vs_esbapp_39082,10.8.16.9:39082,tcp,esbL4
10.8.16.6:39082,pool_esbapp_39082,esb_monitor,vs_esbapp_39082,10.8.16.9:39082,tcp,esbL4
10.8.16.7:39082,pool_esbapp_39082,esb_monitor,vs_esbapp_39082,10.8.16.9:39082,tcp,esbL4
10.8.16.8:39082,pool_esbapp_39082,esb_monitor,vs_esbapp_39082,10.8.16.9:39082,tcp,esbL4
10.8.16.15:39082,pool_esbapp_39082,esb_monitor,vs_esbapp_39082,10.8.16.9:39082,tcp,esbL4
10.8.16.16:39082,pool_esbapp_39082,esb_monitor,vs_esbapp_39082,10.8.16.9:39082,tcp,esbL4
10.8.16.25:39082,pool_esbapp_39082,esb_monitor,vs_esbapp_39082,10.8.16.9:39082,tcp,esbL4
10.8.16.26:39082,pool_esbapp_39082,esb_monitor,vs_esbapp_39082,10.8.16.9:39082,tcp,esbL4
10.8.16.5:39083,pool_esbapp_39083,esb_monitor,vs_esbapp_39083,10.8.16.9:39083,tcp,esbL4
10.8.16.6:39083,pool_esbapp_39083,esb_monitor,vs_esbapp_39083,10.8.16.9:39083,tcp,esbL4
10.8.16.7:39083,pool_esbapp_39083,esb_monitor,vs_esbapp_39083,10.8.16.9:39083,tcp,esbL4
10.8.16.8:39083,pool_esbapp_39083,esb_monitor,vs_esbapp_39083,10.8.16.9:39083,tcp,esbL4
10.8.16.15:39083,pool_esbapp_39083,esb_monitor,vs_esbapp_39083,10.8.16.9:39083,tcp,esbL4
10.8.16.16:39083,pool_esbapp_39083,esb_monitor,vs_esbapp_39083,10.8.16.9:39083,tcp,esbL4
10.8.16.25:39083,pool_esbapp_39083,esb_monitor,vs_esbapp_39083,10.8.16.9:39083,tcp,esbL4
10.8.16.26:39083,pool_esbapp_39083,esb_monitor,vs_esbapp_39083,10.8.16.9:39083,tcp,esbL4
10.8.16.5:39084,pool_esbapp_39084,esb_monitor,vs_esbapp_39084,10.8.16.9:39084,tcp,esbL4
10.8.16.6:39084,pool_esbapp_39084,esb_monitor,vs_esbapp_39084,10.8.16.9:39084,tcp,esbL4
10.8.16.7:39084,pool_esbapp_39084,esb_monitor,vs_esbapp_39084,10.8.16.9:39084,tcp,esbL4
10.8.16.8:39084,pool_esbapp_39084,esb_monitor,vs_esbapp_39084,10.8.16.9:39084,tcp,esbL4
10.8.16.15:39084,pool_esbapp_39084,esb_monitor,vs_esbapp_39084,10.8.16.9:39084,tcp,esbL4
10.8.16.16:39084,pool_esbapp_39084,esb_monitor,vs_esbapp_39084,10.8.16.9:39084,tcp,esbL4
10.8.16.25:39084,pool_esbapp_39084,esb_monitor,vs_esbapp_39084,10.8.16.9:39084,tcp,esbL4
10.8.16.26:39084,pool_esbapp_39084,esb_monitor,vs_esbapp_39084,10.8.16.9:39084,tcp,esbL4
10.8.16.5:39085,pool_esbapp_39085,esb_monitor,vs_esbapp_39085,10.8.16.9:39085,tcp,esbL4
10.8.16.6:39085,pool_esbapp_39085,esb_monitor,vs_esbapp_39085,10.8.16.9:39085,tcp,esbL4
10.8.16.7:39085,pool_esbapp_39085,esb_monitor,vs_esbapp_39085,10.8.16.9:39085,tcp,esbL4
10.8.16.8:39085,pool_esbapp_39085,esb_monitor,vs_esbapp_39085,10.8.16.9:39085,tcp,esbL4
10.8.16.15:39085,pool_esbapp_39085,esb_monitor,vs_esbapp_39085,10.8.16.9:39085,tcp,esbL4
10.8.16.16:39085,pool_esbapp_39085,esb_monitor,vs_esbapp_39085,10.8.16.9:39085,tcp,esbL4
10.8.16.25:39085,pool_esbapp_39085,esb_monitor,vs_esbapp_39085,10.8.16.9:39085,tcp,esbL4
10.8.16.26:39085,pool_esbapp_39085,esb_monitor,vs_esbapp_39085,10.8.16.9:39085,tcp,esbL4
10.8.16.5:39086,pool_esbapp_39086,esb_monitor,vs_esbapp_39086,10.8.16.9:39086,tcp,esbL4
10.8.16.6:39086,pool_esbapp_39086,esb_monitor,vs_esbapp_39086,10.8.16.9:39086,tcp,esbL4
10.8.16.7:39086,pool_esbapp_39086,esb_monitor,vs_esbapp_39086,10.8.16.9:39086,tcp,esbL4
10.8.16.8:39086,pool_esbapp_39086,esb_monitor,vs_esbapp_39086,10.8.16.9:39086,tcp,esbL4
10.8.16.15:39086,pool_esbapp_39086,esb_monitor,vs_esbapp_39086,10.8.16.9:39086,tcp,esbL4
10.8.16.16:39086,pool_esbapp_39086,esb_monitor,vs_esbapp_39086,10.8.16.9:39086,tcp,esbL4
10.8.16.25:39086,pool_esbapp_39086,esb_monitor,vs_esbapp_39086,10.8.16.9:39086,tcp,esbL4
10.8.16.26:39086,pool_esbapp_39086,esb_monitor,vs_esbapp_39086,10.8.16.9:39086,tcp,esbL4
10.8.16.5:39087,pool_esbapp_39087,esb_monitor,vs_esbapp_39087,10.8.16.9:39087,tcp,esbL4
10.8.16.6:39087,pool_esbapp_39087,esb_monitor,vs_esbapp_39087,10.8.16.9:39087,tcp,esbL4
10.8.16.7:39087,pool_esbapp_39087,esb_monitor,vs_esbapp_39087,10.8.16.9:39087,tcp,esbL4
10.8.16.8:39087,pool_esbapp_39087,esb_monitor,vs_esbapp_39087,10.8.16.9:39087,tcp,esbL4
10.8.16.15:39087,pool_esbapp_39087,esb_monitor,vs_esbapp_39087,10.8.16.9:39087,tcp,esbL4
10.8.16.16:39087,pool_esbapp_39087,esb_monitor,vs_esbapp_39087,10.8.16.9:39087,tcp,esbL4
10.8.16.25:39087,pool_esbapp_39087,esb_monitor,vs_esbapp_39087,10.8.16.9:39087,tcp,esbL4
10.8.16.26:39087,pool_esbapp_39087,esb_monitor,vs_esbapp_39087,10.8.16.9:39087,tcp,esbL4
10.8.16.5:39088,pool_esbapp_39088,esb_monitor,vs_esbapp_39088,10.8.16.9:39088,tcp,esbL4
10.8.16.6:39088,pool_esbapp_39088,esb_monitor,vs_esbapp_39088,10.8.16.9:39088,tcp,esbL4
10.8.16.7:39088,pool_esbapp_39088,esb_monitor,vs_esbapp_39088,10.8.16.9:39088,tcp,esbL4
10.8.16.8:39088,pool_esbapp_39088,esb_monitor,vs_esbapp_39088,10.8.16.9:39088,tcp,esbL4
10.8.16.15:39088,pool_esbapp_39088,esb_monitor,vs_esbapp_39088,10.8.16.9:39088,tcp,esbL4
10.8.16.16:39088,pool_esbapp_39088,esb_monitor,vs_esbapp_39088,10.8.16.9:39088,tcp,esbL4
10.8.16.25:39088,pool_esbapp_39088,esb_monitor,vs_esbapp_39088,10.8.16.9:39088,tcp,esbL4
10.8.16.26:39088,pool_esbapp_39088,esb_monitor,vs_esbapp_39088,10.8.16.9:39088,tcp,esbL4
10.8.16.5:39089,pool_esbapp_39089,esb_monitor,vs_esbapp_39089,10.8.16.9:39089,tcp,esbL4
10.8.16.6:39089,pool_esbapp_39089,esb_monitor,vs_esbapp_39089,10.8.16.9:39089,tcp,esbL4
10.8.16.7:39089,pool_esbapp_39089,esb_monitor,vs_esbapp_39089,10.8.16.9:39089,tcp,esbL4
10.8.16.8:39089,pool_esbapp_39089,esb_monitor,vs_esbapp_39089,10.8.16.9:39089,tcp,esbL4
10.8.16.15:39089,pool_esbapp_39089,esb_monitor,vs_esbapp_39089,10.8.16.9:39089,tcp,esbL4
10.8.16.16:39089,pool_esbapp_39089,esb_monitor,vs_esbapp_39089,10.8.16.9:39089,tcp,esbL4
10.8.16.25:39089,pool_esbapp_39089,esb_monitor,vs_esbapp_39089,10.8.16.9:39089,tcp,esbL4
10.8.16.26:39089,pool_esbapp_39089,esb_monitor,vs_esbapp_39089,10.8.16.9:39089,tcp,esbL4
10.8.16.5:39090,pool_esbapp_39090,esb_monitor,vs_esbapp_39090,10.8.16.9:39090,tcp,esbL4
10.8.16.6:39090,pool_esbapp_39090,esb_monitor,vs_esbapp_39090,10.8.16.9:39090,tcp,esbL4
10.8.16.7:39090,pool_esbapp_39090,esb_monitor,vs_esbapp_39090,10.8.16.9:39090,tcp,esbL4
10.8.16.8:39090,pool_esbapp_39090,esb_monitor,vs_esbapp_39090,10.8.16.9:39090,tcp,esbL4
10.8.16.15:39090,pool_esbapp_39090,esb_monitor,vs_esbapp_39090,10.8.16.9:39090,tcp,esbL4
10.8.16.16:39090,pool_esbapp_39090,esb_monitor,vs_esbapp_39090,10.8.16.9:39090,tcp,esbL4
10.8.16.25:39090,pool_esbapp_39090,esb_monitor,vs_esbapp_39090,10.8.16.9:39090,tcp,esbL4
10.8.16.26:39090,pool_esbapp_39090,esb_monitor,vs_esbapp_39090,10.8.16.9:39090,tcp,esbL4
10.8.16.5:39091,pool_esbapp_39091,esb_monitor,vs_esbapp_39091,10.8.16.9:39091,tcp,esbL4
10.8.16.6:39091,pool_esbapp_39091,esb_monitor,vs_esbapp_39091,10.8.16.9:39091,tcp,esbL4
10.8.16.7:39091,pool_esbapp_39091,esb_monitor,vs_esbapp_39091,10.8.16.9:39091,tcp,esbL4
10.8.16.8:39091,pool_esbapp_39091,esb_monitor,vs_esbapp_39091,10.8.16.9:39091,tcp,esbL4
10.8.16.15:39091,pool_esbapp_39091,esb_monitor,vs_esbapp_39091,10.8.16.9:39091,tcp,esbL4
10.8.16.16:39091,pool_esbapp_39091,esb_monitor,vs_esbapp_39091,10.8.16.9:39091,tcp,esbL4
10.8.16.25:39091,pool_esbapp_39091,esb_monitor,vs_esbapp_39091,10.8.16.9:39091,tcp,esbL4
10.8.16.26:39091,pool_esbapp_39091,esb_monitor,vs_esbapp_39091,10.8.16.9:39091,tcp,esbL4
10.8.16.5:39092,pool_esbapp_39092,esb_monitor,vs_esbapp_39092,10.8.16.9:39092,tcp,esbL4
10.8.16.6:39092,pool_esbapp_39092,esb_monitor,vs_esbapp_39092,10.8.16.9:39092,tcp,esbL4
10.8.16.7:39092,pool_esbapp_39092,esb_monitor,vs_esbapp_39092,10.8.16.9:39092,tcp,esbL4
10.8.16.8:39092,pool_esbapp_39092,esb_monitor,vs_esbapp_39092,10.8.16.9:39092,tcp,esbL4
10.8.16.15:39092,pool_esbapp_39092,esb_monitor,vs_esbapp_39092,10.8.16.9:39092,tcp,esbL4
10.8.16.16:39092,pool_esbapp_39092,esb_monitor,vs_esbapp_39092,10.8.16.9:39092,tcp,esbL4
10.8.16.25:39092,pool_esbapp_39092,esb_monitor,vs_esbapp_39092,10.8.16.9:39092,tcp,esbL4
10.8.16.26:39092,pool_esbapp_39092,esb_monitor,vs_esbapp_39092,10.8.16.9:39092,tcp,esbL4
10.8.16.5:39093,pool_esbapp_39093,esb_monitor,vs_esbapp_39093,10.8.16.9:39093,tcp,esbL4
10.8.16.6:39093,pool_esbapp_39093,esb_monitor,vs_esbapp_39093,10.8.16.9:39093,tcp,esbL4
10.8.16.7:39093,pool_esbapp_39093,esb_monitor,vs_esbapp_39093,10.8.16.9:39093,tcp,esbL4
10.8.16.8:39093,pool_esbapp_39093,esb_monitor,vs_esbapp_39093,10.8.16.9:39093,tcp,esbL4
10.8.16.15:39093,pool_esbapp_39093,esb_monitor,vs_esbapp_39093,10.8.16.9:39093,tcp,esbL4
10.8.16.16:39093,pool_esbapp_39093,esb_monitor,vs_esbapp_39093,10.8.16.9:39093,tcp,esbL4
10.8.16.25:39093,pool_esbapp_39093,esb_monitor,vs_esbapp_39093,10.8.16.9:39093,tcp,esbL4
10.8.16.26:39093,pool_esbapp_39093,esb_monitor,vs_esbapp_39093,10.8.16.9:39093,tcp,esbL4
10.8.16.5:39094,pool_esbapp_39094,esb_monitor,vs_esbapp_39094,10.8.16.9:39094,tcp,esbL4
10.8.16.6:39094,pool_esbapp_39094,esb_monitor,vs_esbapp_39094,10.8.16.9:39094,tcp,esbL4
10.8.16.7:39094,pool_esbapp_39094,esb_monitor,vs_esbapp_39094,10.8.16.9:39094,tcp,esbL4
10.8.16.8:39094,pool_esbapp_39094,esb_monitor,vs_esbapp_39094,10.8.16.9:39094,tcp,esbL4
10.8.16.15:39094,pool_esbapp_39094,esb_monitor,vs_esbapp_39094,10.8.16.9:39094,tcp,esbL4
10.8.16.16:39094,pool_esbapp_39094,esb_monitor,vs_esbapp_39094,10.8.16.9:39094,tcp,esbL4
10.8.16.25:39094,pool_esbapp_39094,esb_monitor,vs_esbapp_39094,10.8.16.9:39094,tcp,esbL4
10.8.16.26:39094,pool_esbapp_39094,esb_monitor,vs_esbapp_39094,10.8.16.9:39094,tcp,esbL4
10.8.16.5:39095,pool_esbapp_39095,esb_monitor,vs_esbapp_39095,10.8.16.9:39095,tcp,esbL4
10.8.16.6:39095,pool_esbapp_39095,esb_monitor,vs_esbapp_39095,10.8.16.9:39095,tcp,esbL4
10.8.16.7:39095,pool_esbapp_39095,esb_monitor,vs_esbapp_39095,10.8.16.9:39095,tcp,esbL4
10.8.16.8:39095,pool_esbapp_39095,esb_monitor,vs_esbapp_39095,10.8.16.9:39095,tcp,esbL4
10.8.16.15:39095,pool_esbapp_39095,esb_monitor,vs_esbapp_39095,10.8.16.9:39095,tcp,esbL4
10.8.16.16:39095,pool_esbapp_39095,esb_monitor,vs_esbapp_39095,10.8.16.9:39095,tcp,esbL4
10.8.16.25:39095,pool_esbapp_39095,esb_monitor,vs_esbapp_39095,10.8.16.9:39095,tcp,esbL4
10.8.16.26:39095,pool_esbapp_39095,esb_monitor,vs_esbapp_39095,10.8.16.9:39095,tcp,esbL4
10.8.16.5:39096,pool_esbapp_39096,esb_monitor,vs_esbapp_39096,10.8.16.9:39096,tcp,esbL4
10.8.16.6:39096,pool_esbapp_39096,esb_monitor,vs_esbapp_39096,10.8.16.9:39096,tcp,esbL4
10.8.16.7:39096,pool_esbapp_39096,esb_monitor,vs_esbapp_39096,10.8.16.9:39096,tcp,esbL4
10.8.16.8:39096,pool_esbapp_39096,esb_monitor,vs_esbapp_39096,10.8.16.9:39096,tcp,esbL4
10.8.16.15:39096,pool_esbapp_39096,esb_monitor,vs_esbapp_39096,10.8.16.9:39096,tcp,esbL4
10.8.16.16:39096,pool_esbapp_39096,esb_monitor,vs_esbapp_39096,10.8.16.9:39096,tcp,esbL4
10.8.16.25:39096,pool_esbapp_39096,esb_monitor,vs_esbapp_39096,10.8.16.9:39096,tcp,esbL4
10.8.16.26:39096,pool_esbapp_39096,esb_monitor,vs_esbapp_39096,10.8.16.9:39096,tcp,esbL4
10.8.16.5:39097,pool_esbapp_39097,esb_monitor,vs_esbapp_39097,10.8.16.9:39097,tcp,esbL4
10.8.16.6:39097,pool_esbapp_39097,esb_monitor,vs_esbapp_39097,10.8.16.9:39097,tcp,esbL4
10.8.16.7:39097,pool_esbapp_39097,esb_monitor,vs_esbapp_39097,10.8.16.9:39097,tcp,esbL4
10.8.16.8:39097,pool_esbapp_39097,esb_monitor,vs_esbapp_39097,10.8.16.9:39097,tcp,esbL4
10.8.16.15:39097,pool_esbapp_39097,esb_monitor,vs_esbapp_39097,10.8.16.9:39097,tcp,esbL4
10.8.16.16:39097,pool_esbapp_39097,esb_monitor,vs_esbapp_39097,10.8.16.9:39097,tcp,esbL4
10.8.16.25:39097,pool_esbapp_39097,esb_monitor,vs_esbapp_39097,10.8.16.9:39097,tcp,esbL4
10.8.16.26:39097,pool_esbapp_39097,esb_monitor,vs_esbapp_39097,10.8.16.9:39097,tcp,esbL4
10.8.16.5:39098,pool_esbapp_39098,esb_monitor,vs_esbapp_39098,10.8.16.9:39098,tcp,esbL4
10.8.16.6:39098,pool_esbapp_39098,esb_monitor,vs_esbapp_39098,10.8.16.9:39098,tcp,esbL4
10.8.16.7:39098,pool_esbapp_39098,esb_monitor,vs_esbapp_39098,10.8.16.9:39098,tcp,esbL4
10.8.16.8:39098,pool_esbapp_39098,esb_monitor,vs_esbapp_39098,10.8.16.9:39098,tcp,esbL4
10.8.16.15:39098,pool_esbapp_39098,esb_monitor,vs_esbapp_39098,10.8.16.9:39098,tcp,esbL4
10.8.16.16:39098,pool_esbapp_39098,esb_monitor,vs_esbapp_39098,10.8.16.9:39098,tcp,esbL4
10.8.16.25:39098,pool_esbapp_39098,esb_monitor,vs_esbapp_39098,10.8.16.9:39098,tcp,esbL4
10.8.16.26:39098,pool_esbapp_39098,esb_monitor,vs_esbapp_39098,10.8.16.9:39098,tcp,esbL4
10.8.16.5:39099,pool_esbapp_39099,esb_monitor,vs_esbapp_39099,10.8.16.9:39099,tcp,esbL4
10.8.16.6:39099,pool_esbapp_39099,esb_monitor,vs_esbapp_39099,10.8.16.9:39099,tcp,esbL4
10.8.16.7:39099,pool_esbapp_39099,esb_monitor,vs_esbapp_39099,10.8.16.9:39099,tcp,esbL4
10.8.16.8:39099,pool_esbapp_39099,esb_monitor,vs_esbapp_39099,10.8.16.9:39099,tcp,esbL4
10.8.16.15:39099,pool_esbapp_39099,esb_monitor,vs_esbapp_39099,10.8.16.9:39099,tcp,esbL4
10.8.16.16:39099,pool_esbapp_39099,esb_monitor,vs_esbapp_39099,10.8.16.9:39099,tcp,esbL4
10.8.16.25:39099,pool_esbapp_39099,esb_monitor,vs_esbapp_39099,10.8.16.9:39099,tcp,esbL4
10.8.16.26:39099,pool_esbapp_39099,esb_monitor,vs_esbapp_39099,10.8.16.9:39099,tcp,esbL4
10.8.16.5:39100,pool_esbapp_39100,esb_monitor,vs_esbapp_39100,10.8.16.9:39100,tcp,esbL4
10.8.16.6:39100,pool_esbapp_39100,esb_monitor,vs_esbapp_39100,10.8.16.9:39100,tcp,esbL4
10.8.16.7:39100,pool_esbapp_39100,esb_monitor,vs_esbapp_39100,10.8.16.9:39100,tcp,esbL4
10.8.16.8:39100,pool_esbapp_39100,esb_monitor,vs_esbapp_39100,10.8.16.9:39100,tcp,esbL4
10.8.16.15:39100,pool_esbapp_39100,esb_monitor,vs_esbapp_39100,10.8.16.9:39100,tcp,esbL4
10.8.16.16:39100,pool_esbapp_39100,esb_monitor,vs_esbapp_39100,10.8.16.9:39100,tcp,esbL4
10.8.16.25:39100,pool_esbapp_39100,esb_monitor,vs_esbapp_39100,10.8.16.9:39100,tcp,esbL4
10.8.16.26:39100,pool_esbapp_39100,esb_monitor,vs_esbapp_39100,10.8.16.9:39100,tcp,esbL4
10.8.16.1:any,pool_esbapp_route_out,gateway_icmp,vs_esbapp_route_out,any:any,tcp,fast_esb
10.8.17.5:40001,pool_esbfs_40001,esbfile_monitors,vs_esbfs_40001,10.8.17.7:40001,tcp,fast_esb
10.8.17.6:40001,pool_esbfs_40001,esbfile_monitors,vs_esbfs_40001,10.8.17.7:40001,tcp,fast_esb
10.8.17.1:any,pool_esbfs_route_out,gateway_icmp,vs_esbfs_route_out,any:any,tcp,fast_esb
10.8.17.9:commplex-link,pool_esbnfs_5001,ESB_NewFileServer,vs_esbnfs_5001,10.8.17.8:commplex-link,tcp,fast_esb
10.8.17.10:commplex-link,pool_esbnfs_5001,ESB_NewFileServer,vs_esbnfs_5001,10.8.17.8:commplex-link,tcp,fast_esb
10.8.17.14:glrpc,pool_lingpai_app_9080,tcp,vs_otpapp_9080,10.8.17.13:glrpc,tcp,fastL4
10.8.17.15:glrpc,pool_lingpai_app_9080,tcp,vs_otpapp_9080,10.8.17.13:glrpc,tcp,fastL4
